language,word,pronunciation,tone practice,tone distractor 1,tone distractor 2,tone distractor 3,meaning,example sentence,sentence pronunciation,sentence meaning,Level,group,tag,pack,notes
Taiwan Mandarin,出生,chūshēng ,chūshēng,chúshēng,chūshěng,chùshēng,to be born,我出生在台灣。,wǒ chūshēng zài Táiwān.,I was born in Taiwan.,B1,life and time,verb,Core Content,
Taiwan Mandarin,不同,bùtóng ,bùtóng,būtóng,bùtòng,bǔtóng,different,我們有不同的想法。,wǒmen yǒu bùtóng de xiǎngfǎ.,We have different ideas.,B1,description,adjective,Core Content,
Taiwan Mandarin,住址,zhùzhĭ,zhùzhǐ,zhūzhǐ,zhùzhī,zhǔzhǐ,address,請把你的住址寫在這裡。,qǐng bǎ nǐ de zhùzhǐ xiě zài zhèlǐ.,Please write your address here.,B1,home,noun,Core Content,
Taiwan Mandarin,母語,mǔyǔ,mǔyǔ,mùyǔ,mǔyū,múyǔ,mother tongue; native language,我的母語是中文。,wǒ de mǔyǔ shì Zhōngwén.,My native language is Chinese.,B1,language,noun,Core Content,
Taiwan Mandarin,表,biăo ,biǎo,biào,biāo,biáo,watch; clock; form,請看這張表。,qǐng kàn zhè zhāng biǎo.,Please look at this form.,B1,time and objects,noun,Core Content,
Taiwan Mandarin,鐘,zhōng,zhōng,zhóng,zhǒng,zhòng,clock; bell,牆上的鐘很準。,qiáng shàng de zhōng hěn zhǔn.,The clock on the wall is accurate.,B1,time and objects,noun,Core Content,
Taiwan Mandarin,鐘/時鐘,zhōng/shízhōng,zhōng/shízhōng,zhóng/shízhōng,zhōng/shìzhōng,zhōng/shízhòng,clock,這個時鐘每天早上叫我起床。,zhège shízhōng měitiān zǎoshang jiào wǒ qǐchuáng.,This clock wakes me up every morning.,B1,time and objects,noun,Core Content,
Taiwan Mandarin,傳真,chuánzhēn ,chuánzhēn,chuǎnzhēn,chuánzhěn,chuānzhēn,fax,公司還需要傳真文件。,gōngsī hái xūyào chuánzhēn wénjiàn.,The company still needs to fax documents.,B1,communication,noun,Core Content,
Taiwan Mandarin,白天(˙ㄊㄧㄢ),báitian ,báitian,bǎitian,bàitian,bāitian,daytime,白天的時候，街上很熱鬧。,"báitian de shíhou, jiē shàng hěn rènao.","During the day, the street is lively.",B1,time,noun,Core Content,
Taiwan Mandarin,半夜,bànyè ,bànyè,bānyè,bànyé,bǎnyè,middle of the night,半夜不要打電話給我。,bànyè bú yào dǎ diànhuà gěi wǒ.,Do not call me in the middle of the night.,B1,time,noun,Core Content,
Taiwan Mandarin,夜晚,yèwăn ,yèwǎn,yēwǎn,yèwān,yěwǎn,night; evening,夜晚的公園很安靜。,yèwǎn de gōngyuán hěn ānjìng.,The park is quiet at night.,B1,time,noun,Core Content,
Taiwan Mandarin,日子,rìzi,rìzi,rīzi,rízi,rǐzi,day; date; days,這些日子我很忙。,zhèxiē rìzi wǒ hěn máng.,I have been busy these days.,B1,time,noun,Core Content,
Taiwan Mandarin,夜,yè ,yè,yē,yé,yě,night,今天夜裡可能會下雨。,jīntiān yè lǐ kěnéng huì xià yǔ.,It may rain tonight.,B1,time,noun,Core Content,
Taiwan Mandarin,春季,chūnjì ,chūnjì,chúnjì,chūnjí,chùnjì,spring season,春季的天氣很舒服。,chūnjì de tiānqì hěn shūfú.,The weather in spring is comfortable.,B1,time,noun,Core Content,
Taiwan Mandarin,時,shí ,shí,shǐ,shì,shī,time; hour,我六時下課。,wǒ liù shí xiàkè.,I finish class at six o’clock.,B1,time,noun,Core Content,
Taiwan Mandarin,不久,bùjiŭ,bùjiǔ,būjiǔ,bùjiū,bǔjiǔ,soon; not long after,他不久以後會回來。,tā bùjiǔ yǐhòu huì huílái.,He will come back soon.,B1,time,adverb,Core Content,
Taiwan Mandarin,剛才,gāngcái ,gāngcái,gángcái,gāngcài,gàngcái,just now,剛才老師說了什麼？,gāngcái lǎoshī shuō le shénme?,What did the teacher say just now?,B1,time,adverb,Core Content,
Taiwan Mandarin,早點,zăodiăn ,zǎodiǎn,zàodiǎn,zǎodiān,záodiǎn,earlier; a little earlier,你今天早點回家吧。,nǐ jīntiān zǎodiǎn huí jiā ba.,Go home a little earlier today.,B1,time,adverb,Core Content,
Taiwan Mandarin,正好,zhènghăo ,zhènghǎo,zhēnghǎo,zhènghāo,zhěnghǎo,just right; exactly,這件外套大小正好。,zhè jiàn wàitào dàxiǎo zhènghǎo.,This jacket is exactly the right size.,B1,time,adverb,Core Content,
Taiwan Mandarin,年紀,niánjì ,niánjì,niǎnjì,niánjí,niānjì,age,他的年紀比我大。,tā de niánjì bǐ wǒ dà.,He is older than I am.,B1,people,noun,Core Content,
Taiwan Mandarin,男人,nánrén ,nánrén,nǎnrén,nánrèn,nānrén,man,那個男人在等公車。,nàge nánrén zài děng gōngchē.,That man is waiting for the bus.,B1,people,noun,Core Content,
Taiwan Mandarin,女人,nǚrén ,nǚrén,nǜrén,nǚrèn,nǘrén,woman,那位女人是我的老師。,nà wèi nǚrén shì wǒ de lǎoshī.,That woman is my teacher.,B1,people,noun,Core Content,
Taiwan Mandarin,父親,fùqīn ,fùqīn,fūqīn,fùqǐn,fǔqīn,father,我的父親住在台中。,wǒ de fùqīn zhù zài Táizhōng.,My father lives in Taichung.,B1,family,noun,Core Content,
Taiwan Mandarin,母親,mǔqīn ,mǔqīn,mùqīn,mǔqǐn,múqīn,mother,我的母親住在台中。,wǒ de mǔqīn zhù zài Táizhōng.,My mother lives in Taichung.,B1,family,noun,Core Content,
Taiwan Mandarin,父母,fùmŭ ,fùmǔ,fūmǔ,fùmū,fǔmǔ,parents,我的父母住在台中。,wǒ de fùmǔ zhù zài Táizhōng.,My parents lives in Taichung.,B1,family,noun,Core Content,
Taiwan Mandarin,外公,wàigōng ,wàigōng,wāigōng,wàigǒng,wǎigōng,maternal grandfather,我的外公住在台中。,wǒ de wàigōng zhù zài Táizhōng.,My maternal grandfather lives in Taichung.,B1,family,noun,Core Content,
Taiwan Mandarin,外婆,wàipó ,wàipó,wāipó,wàipò,wǎipó,maternal grandmother,我的外婆住在台中。,wǒ de wàipó zhù zài Táizhōng.,My maternal grandmother lives in Taichung.,B1,family,noun,Core Content,
Taiwan Mandarin,伯伯(˙ㄅㄛ)/伯,bóbo/bó ,bóbo/bó,bǒbo/bó,bóbo/bò,bōbo/bó,father's elder brother; uncle,我的伯伯住在台中。,wǒ de bóbo zhù zài Táizhōng.,My father's elder brother; uncle lives in Taichung.,B1,family,noun,Core Content,
Taiwan Mandarin,伯父,bófù ,bófù,bǒfù,bófú,bōfù,father's elder brother; uncle,我的伯父住在台中。,wǒ de bófù zhù zài Táizhōng.,My father's elder brother; uncle lives in Taichung.,B1,family,noun,Core Content,
Taiwan Mandarin,伯母,bómŭ ,bómǔ,bǒmǔ,bómū,bōmǔ,wife of father's elder brother; aunt,我的伯母住在台中。,wǒ de bómǔ zhù zài Táizhōng.,My wife of father's elder brother; aunt lives in Taichung.,B1,family,noun,Core Content,
Taiwan Mandarin,叔叔(˙ㄕㄨ)/叔,shúshu/shú,shúshu/shú,shǔshu/shú,shúshu/shù,shūshu/shú,father's younger brother; uncle,我的叔叔住在台中。,wǒ de shúshu zhù zài Táizhōng.,My father's younger brother; uncle lives in Taichung.,B1,family,noun,Core Content,
Taiwan Mandarin,姑姑(˙ㄍㄨ),gūgu,gūgu,gúgu,gǔgu,gùgu,father's sister; aunt,我的姑姑住在台中。,wǒ de gūgu zhù zài Táizhōng.,My father's sister; aunt lives in Taichung.,B1,family,noun,Core Content,
Taiwan Mandarin,孫女,sūnnǚ ,sūnnǚ,súnnǚ,sūnnǖ,sùnnǚ,granddaughter,我的孫女住在台中。,wǒ de sūnnǚ zhù zài Táizhōng.,My granddaughter lives in Taichung.,B1,family,noun,Core Content,
Taiwan Mandarin,孫子,sūnzi ,sūnzi,súnzi,sǔnzi,sùnzi,grandson,我的孫子住在台中。,wǒ de sūnzi zhù zài Táizhōng.,My grandson lives in Taichung.,B1,family,noun,Core Content,
Taiwan Mandarin,關係,guānxì ,guānxì,guánxì,guānxí,guànxì,relationship,他們的關係很好。,tāmen de guānxì hěn hǎo.,Their relationship is very good.,B1,relationships,noun,Core Content,
Taiwan Mandarin,害怕,hàipà,hàipà,hāipà,hàipá,hǎipà,to be afraid,我有一點害怕黑暗。,wǒ yǒu yìdiǎn hàipà hēiàn.,I am a little afraid of the dark.,B1,feelings,verb,Core Content,
Taiwan Mandarin,開心,kāixīn ,kāixīn,káixīn,kāixǐn,kàixīn,happy,收到你的信，我很開心。,"shōu dào nǐ de xìn, wǒ hěn kāixīn.",I was happy to receive your letter.,B1,feelings,adjective,Core Content,
Taiwan Mandarin,擔心,dānxīn ,dānxīn,dánxīn,dānxǐn,dànxīn,to worry,媽媽擔心我太晚回家。,māma dānxīn wǒ tài wǎn huí jiā.,Mom worries that I will come home too late.,B1,feelings,verb,Core Content,
Taiwan Mandarin,傷心,shāngxīn ,shāngxīn,shángxīn,shāngxǐn,shàngxīn,sad,他聽到這個消息很傷心。,tā tīngdào zhège xiāoxí hěn shāngxīn.,He was sad when he heard the news.,B1,feelings,adjective,Core Content,
Taiwan Mandarin,美麗,měilì ,měilì,mèilì,měilí,méilì,beautiful,這個城市很美麗。,zhège chéngshì hěn měilì.,This city is beautiful.,B1,description,adjective,Core Content,
Taiwan Mandarin,帥,shuài ,shuài,shuāi,shuái,shuǎi,handsome,他今天穿得很帥。,tā jīntiān chuān de hěn shuài.,He looks handsome today.,B1,description,adjective,Core Content,
Taiwan Mandarin,笨,bèn ,bèn,bēn,bén,běn,stupid; foolish,我不是笨，只是還不懂。,"wǒ bú shì bèn, zhǐshì hái bù dǒng.",I am not stupid; I just do not understand yet.,B1,description,adjective,Core Content,
Taiwan Mandarin,認真,rènzhēn ,rènzhēn,rēnzhēn,rènzhěn,rěnzhēn,serious; hardworking,她上課很認真。,tā shàngkè hěn rènzhēn.,She is very serious in class.,B1,description,adjective,Core Content,
Taiwan Mandarin,敢,găn ,gǎn,gàn,gān,gán,to dare,我不敢一個人去醫院。,wǒ bù gǎn yí ge rén qù yīyuàn.,I do not dare to go to the hospital alone.,B1,ability,verb,Core Content,
Taiwan Mandarin,急,jí ,jí,jǐ,jì,jī,urgent; anxious,別急，我們還有時間。,"bié jí, wǒmen hái yǒu shíjiān.",Do not rush; we still have time.,B1,feelings,adjective,Core Content,
Taiwan Mandarin,禮貌,lĭmào ,lǐmào,lìmào,lǐmáo,límào,manners; polite,跟長輩說話要有禮貌。,gēn zhǎngbèi shuōhuà yào yǒu lǐmào.,Be polite when speaking with elders.,B1,social,noun,Core Content,
Taiwan Mandarin,害羞,hàixiū ,hàixiū,hāixiū,hàixiǔ,hǎixiū,shy,她第一次上台，所以很害羞。,"tā dì yī cì shàngtái, suǒyǐ hěn hàixiū.","It is her first time on stage, so she is shy.",B1,feelings,adjective,Core Content,
Taiwan Mandarin,關心,guānxīn ,guānxīn,guánxīn,guānxǐn,guànxīn,to care about,謝謝你一直關心我。,xièxie nǐ yìzhí guānxīn wǒ.,Thank you for always caring about me.,B1,relationships,verb,Core Content,
Taiwan Mandarin,心情,xīnqíng ,xīnqíng,xínqíng,xīnqìng,xìnqíng,mood,今天天氣好，我心情也好。,"jīntiān tiānqì hǎo, wǒ xīnqíng yě hǎo.","The weather is good today, so my mood is good too.",B1,feelings,noun,Core Content,
Taiwan Mandarin,幸福,xìngfú ,xìngfú,xīngfú,xìngfù,xǐngfú,happiness; blessed,跟家人在一起，我覺得很幸福。,"gēn jiārén zài yìqǐ, wǒ juéde hěn xìngfú.",I feel happy being with my family.,B1,feelings,noun,Core Content,
Taiwan Mandarin,差,cha,cha,chā,chá,chǎ,poor; bad; to differ,這個情形很差。,zhège qíngxíng hěn cha.,This situation is poor; bad; to differ.,B1,description,adjective,Core Content,
Taiwan Mandarin,兄弟,xiōngdì ,xiōngdì,xióngdì,xiōngdí,xiòngdì,brothers; siblings,我的兄弟住在台中。,wǒ de xiōngdì zhù zài Táizhōng.,My brothers; siblings lives in Taichung.,B1,family,noun,Core Content,
Taiwan Mandarin,阿姨,āyí,āyí,áyí,āyì,àyí,auntie; mother's sister,我的阿姨住在台中。,wǒ de āyí zhù zài Táizhōng.,My auntie; mother's sister lives in Taichung.,B1,family,noun,Core Content,
Taiwan Mandarin,身邊,shēnbiān ,shēnbiān,shénbiān,shēnbiǎn,shènbiān,at one's side; around someone,我身邊的朋友都很用功。,wǒ shēnbiān de péngyǒu dōu hěn yònggōng.,The friends around me are all hardworking.,B1,place,noun phrase,Core Content,
Taiwan Mandarin,身高,shēngāo ,shēngāo,shéngāo,shēngǎo,shèngāo,height,醫生問我身高怎麼了。,yīshēng wèn wǒ shēngāo zěnme le.,The doctor asked what happened with my height.,B1,body,noun,Core Content,
Taiwan Mandarin,長大,zhăngdà ,zhǎngdà,zhàngdà,zhǎngdá,zhángdà,to grow up,我長大以後想當醫生。,wǒ zhǎngdà yǐhòu xiǎng dāng yīshēng.,"When I grow up, I want to be a doctor.",B1,life,verb phrase,Core Content,
Taiwan Mandarin,經理,jīnglĭ,jīnglǐ,jínglǐ,jīnglī,jìnglǐ,manager,經理下午要開會。,jīnglǐ xiàwǔ yào kāihuì.,The manager has a meeting this afternoon.,B1,work,noun,Core Content,
Taiwan Mandarin,教書,jiāoshū ,jiāoshū,jiáoshū,jiāoshǔ,jiàoshū,to teach,我爸爸在大學教書。,wǒ bàba zài dàxué jiāoshū.,My father teaches at a university.,B1,work,verb,Core Content,
Taiwan Mandarin,開會,kāihuì ,kāihuì,káihuì,kāihuí,kàihuì,to hold a meeting,我們明天早上要開會。,wǒmen míngtiān zǎoshang yào kāihuì.,We have a meeting tomorrow morning.,B1,work,verb phrase,Core Content,
Taiwan Mandarin,加班,jiābān ,jiābān,jiábān,jiābǎn,jiàbān,to work overtime,他今天晚上需要加班。,tā jīntiān wǎnshàng xūyào jiābān.,He needs to work overtime tonight.,B1,work,verb phrase,Core Content,
Taiwan Mandarin,危險,wéixiăn ,wéixiǎn,wěixiǎn,wéixiān,wēixiǎn,dangerous,晚上走這條路很危險。,wǎnshàng zǒu zhè tiáo lù hěn wéixiǎn.,Walking on this road at night is dangerous.,B1,safety,adjective,Core Content,
Taiwan Mandarin,安全,ānquán ,ānquán,ánquán,ānquàn,ànquán,safe; safety,這個安全很重要。,zhège ānquán hěn zhòngyào.,This safe; safety is important.,B1,safety,noun,Core Content,
Taiwan Mandarin,成功,chénggōng ,chénggōng,chěnggōng,chénggǒng,chēnggōng,successful; success,只要努力，就有機會成功。,"zhǐyào nǔlì, jiù yǒu jīhuì chénggōng.","If you work hard, you have a chance to succeed.",B1,work,noun,Core Content,
Taiwan Mandarin,報告,bàogào ,bàogào,bāogào,bàogáo,bǎogào,report,我明天要交報告。,wǒ míngtiān yào jiāo bàogào.,I have to turn in a report tomorrow.,B1,work,noun,Core Content,
Taiwan Mandarin,資料,zīliào ,zīliào,zíliào,zīliáo,zìliào,materials; data; information,請把資料寄給我。,qǐng bǎ zīliào jì gěi wǒ.,Please send the information to me.,B1,work,noun,Core Content,
Taiwan Mandarin,管理,guănlĭ,guǎnlǐ,guànlǐ,guǎnlī,guánlǐ,to manage; management,她負責管理這家公司。,tā fùzé guǎnlǐ zhè jiā gōngsī.,She is responsible for managing this company.,B1,work,verb,Core Content,
Taiwan Mandarin,做法/作法,zuòfă ,zuòfǎ,zuōfǎ,zuòfā,zuǒfǎ,method; way of doing something,這個做法比較簡單。,zhège zuòfǎ bǐjiào jiǎndān.,This method is simpler.,B1,ideas,noun,Core Content,
Taiwan Mandarin,看法,kànfă,kànfǎ,kānfǎ,kànfā,kǎnfǎ,viewpoint; opinion,我想聽聽你的看法。,wǒ xiǎng tīng tīng nǐ de kànfǎ.,I would like to hear your opinion.,B1,ideas,noun,Core Content,
Taiwan Mandarin,辦,bàn ,bàn,bān,bán,bǎn,to handle; to do,這件事明天再辦。,zhè jiàn shì míngtiān zài bàn.,We can handle this matter tomorrow.,B1,work,verb,Core Content,
Taiwan Mandarin,打工,dăgōng ,dǎgōng,dàgōng,dǎgǒng,dágōng,to work part-time,他週末在咖啡店打工。,tā zhōumò zài kāfēidiàn dǎgōng.,He works part-time at a cafe on weekends.,B1,work,verb phrase,Core Content,
Taiwan Mandarin,選,xuăn ,xuǎn,xuàn,xuān,xuán,to choose,請選一個你喜歡的顏色。,qǐng xuǎn yí ge nǐ xǐhuān de yánsè.,Please choose a color you like.,B1,choices,verb,Core Content,
Taiwan Mandarin,嚴重,yánzhòng ,yánzhòng,yǎnzhòng,yánzhóng,yānzhòng,serious; severe,這個問題很嚴重。,zhège wèntí hěn yánzhòng.,This problem is serious.,B1,description,adjective,Core Content,
Taiwan Mandarin,正式,zhèngshì ,zhèngshì,zhēngshì,zhèngshí,zhěngshì,formal; official,明天是正式的會議。,míngtiān shì zhèngshì de huìyì.,Tomorrow is a formal meeting.,B1,description,adjective,Core Content,
Taiwan Mandarin,查,chá ,chá,chǎ,chà,chā,to check; to look up,我先查一下資料。,wǒ xiān chá yíxià zīliào.,I will check the information first.,B1,study,verb,Core Content,
Taiwan Mandarin,考,kăo ,kǎo,kào,kāo,káo,to test; exam,我們明天要考數學。,wǒmen míngtiān yào kǎo shùxué.,We have a math test tomorrow.,B1,study,verb,Core Content,
Taiwan Mandarin,例如,lìrú ,lìrú,līrú,lìrù,lǐrú,for example,我們今天上課學例如。,wǒmen jīntiān shàngkè xué lìrú.,We studied for example in class today.,B1,study,phrase,Core Content,
Taiwan Mandarin,例(子),lì(zi) ,lì(zi),lī(zi),lí(zi),lǐ(zi),example,我們今天上課學例。,wǒmen jīntiān shàngkè xué lì.,We studied example in class today.,B1,study,noun,Core Content,
Taiwan Mandarin,題目,tímù ,tímù,tǐmù,tímú,tīmù,topic; question title,我們今天上課學題目。,wǒmen jīntiān shàngkè xué tímù.,We studied topic; question title in class today.,B1,study,noun,Core Content,
Taiwan Mandarin,題,tí ,tí,tǐ,tì,tī,question; topic,我們今天上課學題。,wǒmen jīntiān shàngkè xué tí.,We studied question; topic in class today.,B1,study,noun,Core Content,
Taiwan Mandarin,答案,dáàn ,dáàn,dǎàn,dáán,dāàn,answer,我們今天上課學答案。,wǒmen jīntiān shàngkè xué dáàn.,We studied answer in class today.,B1,study,noun,Core Content,
Taiwan Mandarin,念書/唸書,niànshū ,niànshū,niānshū,niànshǔ,niǎnshū,to study; to read,我晚上常在書房念書。,wǒ wǎnshàng cháng zài shūfáng niànshū.,I often study in the study room at night.,B1,study,verb phrase,Core Content,
Taiwan Mandarin,歷史,lìshĭ,lìshǐ,līshǐ,lìshī,lǐshǐ,history,我們今天上課學歷史。,wǒmen jīntiān shàngkè xué lìshǐ.,We studied history in class today.,B1,school,noun,Core Content,
Taiwan Mandarin,數學,shùxué ,shùxué,shūxué,shùxuè,shǔxué,mathematics,我們今天上課學數學。,wǒmen jīntiān shàngkè xué shùxué.,We studied mathematics in class today.,B1,school,noun,Core Content,
Taiwan Mandarin,書法,shūfă ,shūfǎ,shúfǎ,shūfā,shùfǎ,calligraphy,我們今天上課學書法。,wǒmen jīntiān shàngkè xué shūfǎ.,We studied calligraphy in class today.,B1,school,noun,Core Content,
Taiwan Mandarin,英語,yīngyǔ,yīngyǔ,yíngyǔ,yīngyū,yìngyǔ,English language,我們今天上課學英語。,wǒmen jīntiān shàngkè xué yīngyǔ.,We studied English language in class today.,B1,language,noun,Core Content,
Taiwan Mandarin,作文,zuòwén ,zuòwén,zuōwén,zuòwèn,zuǒwén,composition; essay,我們今天上課學作文。,wǒmen jīntiān shàngkè xué zuòwén.,We studied composition; essay in class today.,B1,school,noun,Core Content,
Taiwan Mandarin,漢字,hànzì ,hànzì,hānzì,hànzí,hǎnzì,Chinese characters,我們今天上課學漢字。,wǒmen jīntiān shàngkè xué hànzì.,We studied Chinese characters in class today.,B1,language,noun,Core Content,
Taiwan Mandarin,詞,cí ,cí,cǐ,cì,cī,word; term,我們今天上課學詞。,wǒmen jīntiān shàngkè xué cí.,We studied word; term in class today.,B1,language,noun,Core Content,
Taiwan Mandarin,文法,wénfă ,wénfǎ,wěnfǎ,wénfā,wēnfǎ,grammar,我們今天上課學文法。,wǒmen jīntiān shàngkè xué wénfǎ.,We studied grammar in class today.,B1,language,noun,Core Content,
Taiwan Mandarin,加上,jiāshàng ,jiāshàng,jiáshàng,jiāsháng,jiàshàng,to add; plus,二加上三等於五。,èr jiāshàng sān děngyú wǔ.,Two plus three equals five.,B1,math,verb phrase,Core Content,
Taiwan Mandarin,減,jiăn ,jiǎn,jiàn,jiān,jián,to subtract; minus,五減二等於三。,wǔ jiǎn èr děngyú sān.,Five minus two equals three.,B1,math,verb,Core Content,
Taiwan Mandarin,乘,chéng ,chéng,chěng,chèng,chēng,to multiply,三乘四等於十二。,sān chéng sì děngyú shíèr.,Three times four equals twelve.,B1,math,verb,Core Content,
Taiwan Mandarin,除,chú ,chú,chǔ,chù,chū,to divide,十除以二等於五。,shí chú yǐ èr děngyú wǔ.,Ten divided by two equals five.,B1,math,verb,Core Content,
Taiwan Mandarin,國小,guóxiăo ,guóxiǎo,guǒxiǎo,guóxiāo,guōxiǎo,elementary school,我妹妹在國小上學。,wǒ mèimei zài guóxiǎo shàngxué.,My younger sister goes to elementary school.,B1,school,noun,Core Content,
Taiwan Mandarin,中學,zhōngxué ,zhōngxué,zhóngxué,zhōngxuè,zhòngxué,middle school; secondary school,他在中學教數學。,tā zài zhōngxué jiāo shùxué.,He teaches math at a middle school.,B1,school,noun,Core Content,
Taiwan Mandarin,學院,xuéyuàn ,xuéyuàn,xuěyuàn,xuéyuán,xuēyuàn,college; institute,我們今天上課學學院。,wǒmen jīntiān shàngkè xué xuéyuàn.,We studied college; institute in class today.,B1,school,noun,Core Content,
Taiwan Mandarin,大學生,dàxuéshēng ,dàxuéshēng,dāxuéshēng,dàxuèshēng,dàxuéshèng,college student,我哥哥是大學生。,wǒ gēge shì dàxuéshēng.,My older brother is a college student.,B1,school,noun,Core Content,
Taiwan Mandarin,教授,jiàoshòu ,jiàoshòu,jiāoshòu,jiàoshóu,jiǎoshòu,professor,這位教授很有名。,zhè wèi jiàoshòu hěn yǒumíng.,This professor is famous.,B1,school,noun,Core Content,
Taiwan Mandarin,放假,fàngjià,fàngjià,fāngjià,fàngjiá,fǎngjià,to have a holiday; vacation starts,我們下星期放假。,wǒmen xià xīngqí fàngjià.,We have vacation next week.,B1,school,verb phrase,Core Content,
Taiwan Mandarin,春假,chūnjià ,chūnjià,chúnjià,chūnjiá,chùnjià,spring break,我們今天上課學春假。,wǒmen jīntiān shàngkè xué chūnjià.,We studied spring break in class today.,B1,school,noun,Core Content,
Taiwan Mandarin,暑假,shŭjià ,shǔjià,shùjià,shǔjiá,shújià,summer vacation,我們今天上課學暑假。,wǒmen jīntiān shàngkè xué shǔjià.,We studied summer vacation in class today.,B1,school,noun,Core Content,
Taiwan Mandarin,寒假,hánjià ,hánjià,hǎnjià,hánjiá,hānjià,winter vacation,我們今天上課學寒假。,wǒmen jīntiān shàngkè xué hánjià.,We studied winter vacation in class today.,B1,school,noun,Core Content,
Taiwan Mandarin,假,jià ,jià,jiā,jiá,jiǎ,vacation; leave,我們今天上課學假。,wǒmen jīntiān shàngkè xué jià.,We studied vacation; leave in class today.,B1,school,noun,Core Content,
Taiwan Mandarin,畢業,bìyè ,bìyè,bīyè,bìyé,bǐyè,to graduate,他今年六月畢業。,tā jīnnián liù yuè bìyè.,He graduates this June.,B1,school,verb,Core Content,
Taiwan Mandarin,學期,xuéqí ,xuéqí,xuěqí,xuéqì,xuēqí,semester,我們今天上課學學期。,wǒmen jīntiān shàngkè xué xuéqí.,We studied semester in class today.,B1,school,noun,Core Content,
Taiwan Mandarin,服務,fúwù ,fúwù,fǔwù,fúwú,fūwù,service; to serve,這家餐廳的服務很好。,zhè jiā cāntīng de fúwù hěn hǎo.,The service at this restaurant is good.,B1,work,noun,Core Content,
Taiwan Mandarin,室友,shìyŏu,shìyǒu,shīyǒu,shìyōu,shǐyǒu,roommate,我的室友很安靜。,wǒ de shìyǒu hěn ānjìng.,My roommate is quiet.,B1,home,noun,Core Content,
Taiwan Mandarin,操場,cāochăng ,cāochǎng,cáochǎng,cāochāng,càochǎng,sports field; playground,我們今天上課學操場。,wǒmen jīntiān shàngkè xué cāochǎng.,We studied sports field; playground in class today.,B1,school,noun,Core Content,
Taiwan Mandarin,校園,xiàoyuán ,xiàoyuán,xiāoyuán,xiàoyuàn,xiǎoyuán,campus,我們今天上課學校園。,wǒmen jīntiān shàngkè xué xiàoyuán.,We studied campus in class today.,B1,school,noun,Core Content,
Taiwan Mandarin,位子,wèizi ,wèizi,wēizi,wéizi,wěizi,seat; place,我們今天上課學位子。,wǒmen jīntiān shàngkè xué wèizi.,We studied seat; place in class today.,B1,school,noun,Core Content,
Taiwan Mandarin,書桌,shūzhuō ,shūzhuō,shúzhuō,shūzhuǒ,shùzhuō,desk,我們今天上課學書桌。,wǒmen jīntiān shàngkè xué shūzhuō.,We studied desk in class today.,B1,school,noun,Core Content,
Taiwan Mandarin,書包,shūbāo,shūbāo,shúbāo,shūbǎo,shùbāo,schoolbag; backpack,我們今天上課學書包。,wǒmen jīntiān shàngkè xué shūbāo.,We studied schoolbag; backpack in class today.,B1,school,noun,Core Content,
Taiwan Mandarin,書架,shūjià ,shūjià,shújià,shūjiá,shùjià,bookshelf,家裡的書架很乾淨。,jiā lǐ de shūjià hěn gānjìng.,The bookshelf at home is clean.,B1,home,noun,Core Content,
Taiwan Mandarin,本子,běnzi,běnzi,bènzi,bēnzi,bénzi,notebook,我們今天上課學本子。,wǒmen jīntiān shàngkè xué běnzi.,We studied notebook in class today.,B1,school,noun,Core Content,
Taiwan Mandarin,尺,chĭ,chǐ,chì,chī,chí,ruler,我們今天上課學尺。,wǒmen jīntiān shàngkè xué chǐ.,We studied ruler in class today.,B1,school,noun,Core Content,
Taiwan Mandarin,討論,tăolùn ,tǎolùn,tàolùn,tǎolún,táolùn,to discuss,我們一起討論這個問題。,wǒmen yìqǐ tǎolùn zhège wèntí.,We discuss this question together.,B1,study,verb,Core Content,
Taiwan Mandarin,同意,tóngyì ,tóngyì,tǒngyì,tóngyí,tōngyì,to agree,我同意你的建議。,wǒ tóngyì nǐ de jiànyì.,I agree with your suggestion.,B1,ideas,verb,Core Content,
Taiwan Mandarin,了解/瞭解,liăojiě ,liǎojiě,liàojiě,liǎojiē,liáojiě,to understand,我了解你的意思。,wǒ liǎojiě nǐ de yìsi.,I understand what you mean.,B1,study,verb,Core Content,
Taiwan Mandarin,無聊,wúliáo ,wúliáo,wǔliáo,wúliào,wūliáo,boring,這部電影有點無聊。,zhè bù diànyǐng yǒudiǎn wúliáo.,This movie is a little boring.,B1,feelings,adjective,Core Content,
Taiwan Mandarin,有趣,yŏuqù ,yǒuqù,yòuqù,yǒuqú,yóuqù,interesting,這個故事很有趣。,zhège gùshi hěn yǒuqù.,This story is interesting.,B1,feelings,adjective,Core Content,
Taiwan Mandarin,有意思(˙ㄙ),yŏuyìsi,yǒuyìsi,yòuyìsi,yǒuyísi,yóuyìsi,interesting; meaningful,他的想法很有意思。,tā de xiǎngfǎ hěn yǒuyìsi.,His idea is interesting.,B1,feelings,adjective,Core Content,
Taiwan Mandarin,原因,yuányīn ,yuányīn,yuǎnyīn,yuányǐn,yuānyīn,reason; cause,你可以告訴我原因嗎？,nǐ kěyǐ gàosu wǒ yuányīn ma?,Can you tell me the reason?,B1,ideas,noun,Core Content,
Taiwan Mandarin,遍,biàn ,biàn,biān,bián,biǎn,time; occurrence count,請再說一遍。,qǐng zài shuō yí biàn.,Please say it one more time.,B1,measure,measure word,Core Content,
Taiwan Mandarin,改,găi ,gǎi,gài,gāi,gái,to change; to correct,我想改我的答案。,wǒ xiǎng gǎi wǒ de dáàn.,I want to change my answer.,B1,actions,verb,Core Content,
Taiwan Mandarin,忘記,wàngjì ,wàngjì,wāngjì,wàngjí,wǎngjì,to forget,我忘記帶鑰匙了。,wǒ wàngjì dài yàoshi le.,I forgot to bring my key.,B1,actions,verb,Core Content,
Taiwan Mandarin,程度,chéngdù ,chéngdù,chěngdù,chéngdú,chēngdù,degree; level,他的中文程度很好。,tā de Zhōngwén chéngdù hěn hǎo.,His Chinese level is good.,B1,description,noun,Core Content,
Taiwan Mandarin,趕快,gănkuài ,gǎnkuài,gànkuài,gǎnkuái,gánkuài,quickly; hurry up,快下雨了，我們趕快回家。,"kuài xià yǔ le, wǒmen gǎnkuài huí jiā.",It is about to rain; let’s hurry home.,B1,time,adverb,Core Content,
Taiwan Mandarin,以上,yĭshàng ,yǐshàng,yìshàng,yǐsháng,yíshàng,above; more than,十八歲以上可以參加。,shíbā suì yǐshàng kěyǐ cānjiā.,People eighteen and older can join.,B1,quantity,phrase,Core Content,
Taiwan Mandarin,以下,yĭxià ,yǐxià,yìxià,yǐxiá,yíxià,below; less than,十歲以下的小孩不用買票。,shí suì yǐxià de xiǎohái bú yòng mǎi piào.,Children under ten do not need to buy tickets.,B1,quantity,phrase,Core Content,
Taiwan Mandarin,意見,yìjiàn ,yìjiàn,yījiàn,yìjián,yǐjiàn,opinion; suggestion,老師想聽大家的意見。,lǎoshī xiǎng tīng dàjiā de yìjiàn.,The teacher wants to hear everyone’s opinions.,B1,ideas,noun,Core Content,
Taiwan Mandarin,用功,yònggōng ,yònggōng,yōnggōng,yònggǒng,yǒnggōng,hardworking; diligent,他每天都很用功。,tā měitiān dōu hěn yònggōng.,He studies hard every day.,B1,study,adjective,Core Content,
Taiwan Mandarin,研究,yánjiù ,yánjiù,yǎnjiù,yánjiú,yānjiù,to research; research,老師正在研究台灣歷史。,lǎoshī zhèngzài yánjiù Táiwān lìshǐ.,The teacher is researching Taiwan history.,B1,study,verb,Core Content,
Taiwan Mandarin,教育,jiàoyù ,jiàoyù,jiāoyù,jiàoyú,jiǎoyù,education,我們今天上課學教育。,wǒmen jīntiān shàngkè xué jiàoyù.,We studied education in class today.,B1,school,noun,Core Content,
Taiwan Mandarin,選擇,xuănzé ,xuǎnzé,xuànzé,xuǎnzè,xuánzé,choice; to choose,你有很多選擇。,nǐ yǒu hěn duō xuǎnzé.,You have many choices.,B1,choices,noun,Core Content,
Taiwan Mandarin,建議,jiànyì ,jiànyì,jiānyì,jiànyí,jiǎnyì,suggestion; to suggest,謝謝你的建議。,xièxie nǐ de jiànyì.,Thank you for your suggestion.,B1,ideas,noun,Core Content,
Taiwan Mandarin,知識,zhīshì ,zhīshì,zhíshì,zhīshí,zhìshì,knowledge,閱讀可以增加知識。,yuèdú kěyǐ zēngjiā zhīshì.,Reading can increase knowledge.,B1,study,noun,Core Content,
Taiwan Mandarin,座,zuò ,zuò,zuō,zuó,zuǒ,measure word for buildings or mountains,山上有一座廟。,shān shàng yǒu yí zuò miào.,There is a temple on the mountain.,B1,measure,measure word,Core Content,
Taiwan Mandarin,臥室,wòshì ,wòshì,wōshì,wòshí,wǒshì,bedroom,我的臥室不大，但是很乾淨。,"wǒ de wòshì bú dà, dànshì hěn gānjìng.","My bedroom is not big, but it is clean.",B1,home,noun,Core Content,
Taiwan Mandarin,臥房,wòfáng ,wòfáng,wōfáng,wòfàng,wǒfáng,bedroom,家裡的臥房很乾淨。,jiā lǐ de wòfáng hěn gānjìng.,The bedroom at home is clean.,B1,home,noun,Core Content,
Taiwan Mandarin,浴室,yùshì ,yùshì,yūshì,yùshí,yǔshì,bathroom,浴室裡有乾淨的毛巾。,yùshì lǐ yǒu gānjìng de máojīn.,There are clean towels in the bathroom.,B1,home,noun,Core Content,
Taiwan Mandarin,院(子),yuàn(zi),yuàn(zi),yuān(zi),yuán(zi),yuǎn(zi),yard; courtyard,家裡的院很乾淨。,jiā lǐ de yuàn hěn gānjìng.,The yard; courtyard at home is clean.,B1,home,noun,Core Content,
Taiwan Mandarin,書房,shūfáng ,shūfáng,shúfáng,shūfàng,shùfáng,study room,家裡的書房很乾淨。,jiā lǐ de shūfáng hěn gānjìng.,The study room at home is clean.,B1,home,noun,Core Content,
Taiwan Mandarin,洗衣機,xĭyījī ,xǐyījī,xìyījī,xǐyǐjī,xǐyījì,washing machine,洗衣機壞了，我要請人修。,"xǐyījī huài le, wǒ yào qǐng rén xiū.","The washing machine broke, so I need someone to repair it.",B1,home,noun,Core Content,
Taiwan Mandarin,餐桌,cānzhuō,cānzhuō,cánzhuō,cānzhuǒ,cànzhuō,dining table,家裡的餐桌很乾淨。,jiā lǐ de cānzhuō hěn gānjìng.,The dining table at home is clean.,B1,home,noun,Core Content,
Taiwan Mandarin,打開,dăkāi ,dǎkāi,dàkāi,dǎkǎi,dákāi,to open; turn on,請打開窗戶。,qǐng dǎkāi chuānghù.,Please open the window.,B1,actions,verb,Core Content,
Taiwan Mandarin,箱/箱(子),xiāng /xiāng(zi),xiāng /xiāng(zi),xiáng /xiāng(zi),xiāng /xiǎng(zi),xiàng /xiāng(zi),box; case,這個箱子很重。,zhège xiāngzi hěn zhòng.,This box is heavy.,B1,objects,noun,Core Content,
Taiwan Mandarin,層,céng ,céng,cěng,cèng,cēng,floor; layer,我家住在三樓那一層。,wǒ jiā zhù zài sān lóu nà yì céng.,My home is on the third floor.,B1,measure,measure word,Core Content,
Taiwan Mandarin,櫃(子),guì(zi) ,guì(zi),guī(zi),guí(zi),guǐ(zi),cabinet; cupboard,家裡的櫃很乾淨。,jiā lǐ de guì hěn gānjìng.,The cabinet; cupboard at home is clean.,B1,home,noun,Core Content,
Taiwan Mandarin,大門,dàmén ,dàmén,dāmén,dàmèn,dǎmén,main gate; front door,家裡的大門很乾淨。,jiā lǐ de dàmén hěn gānjìng.,The main gate; front door at home is clean.,B1,home,noun,Core Content,
Taiwan Mandarin,鄰居,línjū ,línjū,lǐnjū,línjǔ,līnjū,neighbor,我的鄰居常跟我打招呼。,wǒ de línjū cháng gēn wǒ dǎ zhāohu.,My neighbor often says hello to me.,B1,home,noun,Core Content,
Taiwan Mandarin,熱鬧(˙ㄋㄠ),rènao ,rènao,rēnao,rénao,rěnao,lively; bustling,夜市晚上非常熱鬧。,yèshì wǎnshàng fēicháng rènao.,The night market is very lively at night.,B1,description,adjective,Core Content,
Taiwan Mandarin,吵,chăo ,chǎo,chào,chāo,cháo,noisy; to quarrel,外面太吵了，我不能念書。,"wàimiàn tài chǎo le, wǒ bù néng niànshū.","It is too noisy outside, so I cannot study.",B1,description,adjective,Core Content,
Taiwan Mandarin,亂,luàn,luàn,luān,luán,luǎn,messy; chaotic,這個情形很亂。,zhège qíngxíng hěn luàn.,This situation is messy; chaotic.,B1,description,adjective,Core Content,
Taiwan Mandarin,房東,fángdōng ,fángdōng,fǎngdōng,fángdǒng,fāngdōng,landlord,家裡的房東很乾淨。,jiā lǐ de fángdōng hěn gānjìng.,The landlord at home is clean.,B1,home,noun,Core Content,
Taiwan Mandarin,房屋,fángwū ,fángwū,fǎngwū,fángwǔ,fāngwū,house; building,家裡的房屋很乾淨。,jiā lǐ de fángwū hěn gānjìng.,The house; building at home is clean.,B1,home,noun,Core Content,
Taiwan Mandarin,搬家,bānjiā ,bānjiā,bánjiā,bānjiǎ,bànjiā,to move house,我們下個月要搬家。,wǒmen xià ge yuè yào bānjiā.,We are moving next month.,B1,home,verb phrase,Core Content,
Taiwan Mandarin,開水,kāishuĭ,kāishuǐ,káishuǐ,kāishuī,kàishuǐ,boiled water,請給我一杯開水。,qǐng gěi wǒ yì bēi kāishuǐ.,Please give me a cup of boiled water.,B1,food and drink,noun,Core Content,
Taiwan Mandarin,鄉下,xiāngxià ,xiāngxià,xiángxià,xiāngxiá,xiàngxià,countryside,奶奶住在鄉下。,nǎinai zhù zài xiāngxià.,Grandma lives in the countryside.,B1,place,noun,Core Content,
Taiwan Mandarin,傘,săn,sǎn,sàn,sān,sán,umbrella,請把傘放在桌上。,qǐng bǎ sǎn fàng zài zhuō shàng.,Please put the umbrella on the table.,B1,objects,noun,Core Content,
Taiwan Mandarin,花,huā ,huā,huá,huǎ,huà,flower,今天的花很特別。,jīntiān de huā hěn tèbié.,Today's flower is special.,B1,nature,noun,Core Content,
Taiwan Mandarin,朵,duŏ,duǒ,duò,duō,duó,measure word for flowers/clouds,這裡有一朵東西。,zhèlǐ yǒu yì duǒ dōngxi.,There is one measure word for flowers/clouds of something here.,B1,measure,measure word,Core Content,
Taiwan Mandarin,蚊(子),wén(zi),wén(zi),wěn(zi),wèn(zi),wēn(zi),mosquito,今天的蚊很特別。,jīntiān de wén hěn tèbié.,Today's mosquito is special.,B1,nature,noun,Core Content,
Taiwan Mandarin,自然,zìrán ,zìrán,zīrán,zìràn,zǐrán,nature; natural,今天的自然很特別。,jīntiān de zìrán hěn tèbié.,Today's nature; natural is special.,B1,nature,noun,Core Content,
Taiwan Mandarin,月亮,yuèliàng ,yuèliàng,yuēliàng,yuèliáng,yuěliàng,moon,今晚的月亮很亮。,jīnwǎn de yuèliàng hěn liàng.,The moon is bright tonight.,B1,nature,noun,Core Content,
Taiwan Mandarin,星星,xīngxing,xīngxing,xíngxing,xǐngxing,xìngxing,stars,今天的星星很特別。,jīntiān de xīngxing hěn tèbié.,Today's stars is special.,B1,nature,noun,Core Content,
Taiwan Mandarin,環境,huánjìng ,huánjìng,huǎnjìng,huánjíng,huānjìng,environment,我們要保護環境。,wǒmen yào bǎohù huánjìng.,We should protect the environment.,B1,nature,noun,Core Content,
Taiwan Mandarin,晴天,qíngtiān ,qíngtiān,qǐngtiān,qíngtiǎn,qīngtiān,sunny day,今天的晴天很特別。,jīntiān de qíngtiān hěn tèbié.,Today's sunny day is special.,B1,weather,noun,Core Content,
Taiwan Mandarin,暖和,nuănhuo ,nuǎnhuo,nuànhuo,nuānhuo,nuánhuo,warm,今天有一點暖和。,jīntiān yǒu yìdiǎn nuǎnhuo.,Today is a little warm.,B1,weather,adjective,Core Content,
Taiwan Mandarin,涼快,liángkuài ,liángkuài,liǎngkuài,liángkuái,liāngkuài,cool and pleasant,今天有一點涼快。,jīntiān yǒu yìdiǎn liángkuài.,Today is a little cool and pleasant.,B1,weather,adjective,Core Content,
Taiwan Mandarin,涼,liáng,liáng,liǎng,liàng,liāng,cool,今天有一點涼。,jīntiān yǒu yìdiǎn liáng.,Today is a little cool.,B1,weather,adjective,Core Content,
Taiwan Mandarin,乾,gān ,gān,gán,gǎn,gàn,dry,今天有一點乾。,jīntiān yǒu yìdiǎn gān.,Today is a little dry.,B1,weather,adjective,Core Content,
Taiwan Mandarin,濕/溼 ,shī ,shī,shí,shǐ,shì,wet; damp,今天有一點濕。,jīntiān yǒu yìdiǎn shī.,Today is a little wet; damp.,B1,weather,adjective,Core Content,
Taiwan Mandarin,度,dù ,dù,dū,dú,dǔ,degree,今天的度很特別。,jīntiān de dù hěn tèbié.,Today's degree is special.,B1,weather,measure word,Core Content,
Taiwan Mandarin,颱風,táifēng ,táifēng,tǎifēng,táifěng,tāifēng,typhoon,颱風來的時候不要出門。,táifēng lái de shíhou bú yào chūmén.,Do not go out when a typhoon comes.,B1,weather,noun,Core Content,
Taiwan Mandarin,季節,jìjié ,jìjié,jījié,jìjiè,jǐjié,season,今天的季節很特別。,jīntiān de jìjié hěn tèbié.,Today's season is special.,B1,weather,noun,Core Content,
Taiwan Mandarin,環保,huánbăo ,huánbǎo,huǎnbǎo,huánbāo,huānbǎo,environmental protection,用自己的杯子比較環保。,yòng zìjǐ de bēizi bǐjiào huánbǎo.,Using your own cup is more environmentally friendly.,B1,nature,noun,Core Content,
Taiwan Mandarin,垃圾,lèsè ,lèsè,lēsè,lèsé,lěsè,garbage,請把垃圾拿出去。,qǐng bǎ lèsè ná chūqù.,Please take out the garbage.,B1,nature,noun,Core Content,
Taiwan Mandarin,汙染,wūrăn,wūrǎn,wúrǎn,wūrān,wùrǎn,pollution,工廠的煙會造成汙染。,gōngchǎng de yān huì zàochéng wūrǎn.,Factory smoke can cause pollution.,B1,nature,noun,Core Content,
Taiwan Mandarin,底,dĭ,dǐ,dì,dī,dí,bottom,杯子的底有一點髒。,bēizi de dǐ yǒu yìdiǎn zāng.,The bottom of the cup is a little dirty.,B1,place,noun,Core Content,
Taiwan Mandarin,底下(˙ㄒㄧㄚ),dĭxia ,dǐxia,dìxia,dīxia,díxia,underneath,書在桌子底下。,shū zài zhuōzi dǐxia.,The book is under the table.,B1,place,noun,Core Content,
Taiwan Mandarin,內,nèi ,nèi,nēi,néi,něi,inside; within,請在三天內回信。,qǐng zài sān tiān nèi huíxìn.,Please reply within three days.,B1,place,noun,Core Content,
Taiwan Mandarin,深,shēn ,shēn,shén,shěn,shèn,deep,這個情形很深。,zhège qíngxíng hěn shēn.,This situation is deep.,B1,description,adjective,Core Content,
Taiwan Mandarin,淺,qiăn ,qiǎn,qiàn,qiān,qián,shallow,這個情形很淺。,zhège qíngxíng hěn qiǎn.,This situation is shallow.,B1,description,adjective,Core Content,
Taiwan Mandarin,發生,fāshēng ,fāshēng,fáshēng,fāshěng,fàshēng,to happen; to occur,昨天晚上發生了一件事。,zuótiān wǎnshàng fāshēng le yí jiàn shì.,Something happened last night.,B1,events,verb,Core Content,
Taiwan Mandarin,照顧,zhàogù ,zhàogù,zhāogù,zhàogú,zhǎogù,to take care of,我星期六要照顧弟弟。,wǒ xīngqíliù yào zhàogù dìdi.,I need to take care of my younger brother on Saturday.,B1,daily life,verb,Core Content,
Taiwan Mandarin,生活,shēnghuó ,shēnghuó,shénghuó,shēnghuò,shènghuó,life; to live,我的生活很簡單。,wǒ de shēnghuó hěn jiǎndān.,My life is simple.,B1,daily life,noun,Core Content,
Taiwan Mandarin,日記,rìjì ,rìjì,rījì,rìjí,rǐjì,diary,這個日記很重要。,zhège rìjì hěn zhòngyào.,This diary is important.,B1,daily life,noun,Core Content,
Taiwan Mandarin,流,liú ,liú,liǔ,liù,liū,to flow,河水慢慢地流。,héshuǐ mànmàn de liú.,The river water flows slowly.,B1,actions,verb,Core Content,
Taiwan Mandarin,流汗,liúhàn ,liúhàn,liǔhàn,liúhán,liūhàn,to sweat,跑步以後，我流汗很多。,"pǎobù yǐhòu, wǒ liúhàn hěn duō.","After running, I sweat a lot.",B1,body,verb phrase,Core Content,
Taiwan Mandarin,夢,mèng ,mèng,mēng,méng,měng,dream,這個夢很重要。,zhège mèng hěn zhòngyào.,This dream is important.,B1,daily life,noun,Core Content,
Taiwan Mandarin,枕頭(˙ㄊㄡ),zhěntou ,zhěntou,zhèntou,zhēntou,zhéntou,pillow,家裡的枕頭很乾淨。,jiā lǐ de zhěntou hěn gānjìng.,The pillow at home is clean.,B1,home,noun,Core Content,
Taiwan Mandarin,鬧鐘,nàozhōng ,nàozhōng,nāozhōng,nàozhǒng,nǎozhōng,alarm clock,家裡的鬧鐘很乾淨。,jiā lǐ de nàozhōng hěn gānjìng.,The alarm clock at home is clean.,B1,home,noun,Core Content,
Taiwan Mandarin,拖鞋,tuōxié ,tuōxié,tuóxié,tuōxiè,tuòxié,slippers,家裡的拖鞋很乾淨。,jiā lǐ de tuōxié hěn gānjìng.,The slippers at home is clean.,B1,home,noun,Core Content,
Taiwan Mandarin,毛巾,máojīn ,máojīn,mǎojīn,máojǐn,māojīn,towel,家裡的毛巾很乾淨。,jiā lǐ de máojīn hěn gānjìng.,The towel at home is clean.,B1,home,noun,Core Content,
Taiwan Mandarin,刷(子) / 刷,shuā(zi)/shuā ,shuā(zi)/shuā,shuá(zi)/shuā,shuā(zi)/shuǎ,shuà(zi)/shuā,brush; to brush,家裡的刷很乾淨。,jiā lǐ de shuā hěn gānjìng.,The brush; to brush at home is clean.,B1,home,noun,Core Content,
Taiwan Mandarin,肥皂,féizào ,féizào,fěizào,féizáo,fēizào,soap,家裡的肥皂很乾淨。,jiā lǐ de féizào hěn gānjìng.,The soap at home is clean.,B1,home,noun,Core Content,
Taiwan Mandarin,牙膏,yágāo ,yágāo,yǎgāo,yágǎo,yāgāo,toothpaste,家裡的牙膏很乾淨。,jiā lǐ de yágāo hěn gānjìng.,The toothpaste at home is clean.,B1,home,noun,Core Content,
Taiwan Mandarin,衛生紙,wèishēngzhĭ ,wèishēngzhǐ,wēishēngzhǐ,wèishěngzhǐ,wèishēngzhí,toilet paper,家裡的衛生紙很乾淨。,jiā lǐ de wèishēngzhǐ hěn gānjìng.,The toilet paper at home is clean.,B1,home,noun,Core Content,
Taiwan Mandarin,籃(子),lán(zi) ,lán(zi),lǎn(zi),làn(zi),lān(zi),basket,請把籃放在桌上。,qǐng bǎ lán fàng zài zhuō shàng.,Please put the basket on the table.,B1,objects,noun,Core Content,
Taiwan Mandarin,假日,jiàrì ,jiàrì,jiārì,jiàrí,jiǎrì,holiday,我會在假日以前到。,wǒ huì zài jiàrì yǐqián dào.,I will arrive before holiday.,B1,time,noun,Core Content,
Taiwan Mandarin,結束,jiéshù ,jiéshù,jiěshù,jiéshú,jiēshù,to end; finish,課九點結束。,kè jiǔ diǎn jiéshù.,Class ends at nine o’clock.,B1,time,verb,Core Content,
Taiwan Mandarin,完,wán ,wán,wǎn,wàn,wān,to finish; complete,我做完功課了。,wǒ zuò wán gōngkè le.,I finished my homework.,B1,actions,verb,Core Content,
Taiwan Mandarin,散步,sànbù ,sànbù,sānbù,sànbú,sǎnbù,to take a walk,晚飯後，我和家人去散步。,"wǎnfàn hòu, wǒ hé jiārén qù sànbù.","After dinner, my family and I go for a walk.",B1,leisure,verb phrase,Core Content,
Taiwan Mandarin,慢跑,mànpăo ,mànpǎo,mānpǎo,mànpāo,mǎnpǎo,to jog,他每天早上去公園慢跑。,tā měitiān zǎoshang qù gōngyuán mànpǎo.,He jogs in the park every morning.,B1,leisure,verb phrase,Core Content,
Taiwan Mandarin,野餐,yěcān ,yěcān,yècān,yěcǎn,yécān,picnic,天氣好的時候，我們去野餐。,"tiānqì hǎo de shíhou, wǒmen qù yěcān.","When the weather is good, we go on a picnic.",B1,leisure,noun,Core Content,
Taiwan Mandarin,爬,pá ,pá,pǎ,pà,pā,to climb,我們週末去爬山。,wǒmen zhōumò qù pá shān.,We are going hiking this weekend.,B1,leisure,verb,Core Content,
Taiwan Mandarin,拍,pāi ,pāi,pái,pǎi,pài,to pat; to take a photo,請幫我拍一張照片。,qǐng bāng wǒ pāi yì zhāng zhàopiàn.,Please help me take a photo.,B1,actions,verb,Core Content,
Taiwan Mandarin,抓,zhuā ,zhuā,zhuá,zhuǎ,zhuà,to grab; catch,小朋友想抓蝴蝶。,xiǎopéngyǒu xiǎng zhuā húdié.,The child wants to catch a butterfly.,B1,actions,verb,Core Content,
Taiwan Mandarin,座位,zuòwèi ,zuòwèi,zuōwèi,zuòwéi,zuǒwèi,seat,我們搭座位去市區。,wǒmen dā zuòwèi qù shìqū.,We take the seat downtown.,B1,transport,noun,Core Content,
Taiwan Mandarin,新聞,xīnwén ,xīnwén,xínwén,xīnwèn,xìnwén,news,爸爸每天晚上看新聞。,bàba měitiān wǎnshàng kàn xīnwén.,Dad watches the news every evening.,B1,media,noun,Core Content,
Taiwan Mandarin,體育,tĭyù ,tǐyù,tìyù,tǐyú,tíyù,sports; physical education,他最喜歡體育課。,tā zuì xǐhuān tǐyù kè.,He likes PE class the most.,B1,media,noun,Core Content,
Taiwan Mandarin,經常,jīngcháng ,jīngcháng,jíngcháng,jīngchàng,jìngcháng,often,我經常去圖書館。,wǒ jīngcháng qù túshūguǎn.,I often go to the library.,B1,time,adverb,Core Content,
Taiwan Mandarin,雜誌,zázhì ,zázhì,zǎzhì,zázhí,zāzhì,magazine,他對雜誌很有興趣。,tā duì zázhì hěn yǒu xìngqù.,He is interested in magazine.,B1,media,noun,Core Content,
Taiwan Mandarin,美術,měishù ,měishù,mèishù,měishú,méishù,fine arts,妹妹喜歡美術。,mèimei xǐhuān měishù.,My younger sister likes art.,B1,media,noun,Core Content,
Taiwan Mandarin,畫家,huàjiā,huàjiā,huājiā,huàjiǎ,huǎjiā,painter; artist,那位畫家住在台南。,nà wèi huàjiā zhù zài Táinán.,That painter lives in Tainan.,B1,media,noun,Core Content,
Taiwan Mandarin,興趣,xìngqù ,xìngqù,xīngqù,xìngqú,xǐngqù,interest; hobby,我的興趣是畫畫。,wǒ de xìngqù shì huàhuà.,My hobby is drawing.,B1,leisure,noun,Core Content,
Taiwan Mandarin,收,shōu ,shōu,shóu,shǒu,shòu,to receive; to collect,我昨天收到你的郵件。,wǒ zuótiān shōu dào nǐ de yóujiàn.,I received your email yesterday.,B1,actions,verb,Core Content,
Taiwan Mandarin,談,tán ,tán,tǎn,tàn,tān,to talk about,請你晚一點談我。,qǐng nǐ wǎn yìdiǎn tán wǒ.,Please to talk about me later.,B1,communication,verb,Core Content,
Taiwan Mandarin,聊,liáo ,liáo,liǎo,liào,liāo,to chat,請你晚一點聊我。,qǐng nǐ wǎn yìdiǎn liáo wǒ.,Please to chat me later.,B1,communication,verb,Core Content,
Taiwan Mandarin,遲到,chídào ,chídào,chǐdào,chídáo,chīdào,to be late,我今天上課遲到了。,wǒ jīntiān shàngkè chídào le.,I was late to class today.,B1,time,verb phrase,Core Content,
Taiwan Mandarin,樂器,yuèqì ,yuèqì,yuēqì,yuèqí,yuěqì,musical instrument,你會彈什麼樂器？,nǐ huì tán shénme yuèqì?,What musical instrument can you play?,B1,leisure,noun,Core Content,
Taiwan Mandarin,吉他,jítā ,jítā,jǐtā,jítǎ,jītā,guitar,哥哥會彈吉他。,gēge huì tán jítā.,My older brother can play guitar.,B1,leisure,noun,Core Content,
Taiwan Mandarin,可怕,kěpà ,kěpà,kèpà,kěpá,képà,scary,他今天覺得很可怕。,tā jīntiān juéde hěn kěpà.,He feels scary today.,B1,feelings,adjective,Core Content,
Taiwan Mandarin,輕鬆,qīngsōng  ,qīngsōng,qíngsōng,qīngsǒng,qìngsōng,relaxed; easy,考完試以後，我覺得很輕鬆。,"kǎo wán shì yǐhòu, wǒ juéde hěn qīngsōng.","After finishing the test, I felt relaxed.",B1,feelings,adjective,Core Content,
Taiwan Mandarin,情形,qíngxíng ,qíngxíng,qǐngxíng,qíngxìng,qīngxíng,situation; condition,現在的情形好多了。,xiànzài de qíngxíng hǎo duō le.,The current situation is much better.,B1,ideas,noun,Core Content,
Taiwan Mandarin,消息,xiāoxí ,xiāoxí,xiáoxí,xiāoxì,xiàoxí,news; information,我剛收到一個好消息。,wǒ gāng shōu dào yí ge hǎo xiāoxí.,I just received good news.,B1,communication,noun,Core Content,
Taiwan Mandarin,看起來,kànqĭlái,kànqǐlái,kānqǐlái,kànqīlái,kànqǐlāi,to look; seem,你今天看起來很累。,nǐ jīntiān kànqǐlái hěn lèi.,You look tired today.,B1,description,verb phrase,Core Content,
Taiwan Mandarin,舞,wŭ ,wǔ,wù,wū,wú,dance,她跳舞跳得很好。,tā tiào wǔ tiào de hěn hǎo.,She dances very well.,B1,leisure,noun,Core Content,
Taiwan Mandarin,游,yóu ,yóu,yǒu,yòu,yōu,to swim,魚在水裡游。,yú zài shuǐ lǐ yóu.,The fish swims in the water.,B1,leisure,verb,Core Content,
Taiwan Mandarin,游泳池,yóuyŏngchí,yóuyǒngchí,yǒuyǒngchí,yóuyōngchí,yóuyǒngchī,swimming pool,學校旁邊有一個游泳池。,xuéxiào pángbiān yǒu yí ge yóuyǒngchí.,There is a swimming pool next to the school.,B1,leisure,noun,Core Content,
Taiwan Mandarin,遊戲,yóuxì ,yóuxì,yǒuxì,yóuxí,yōuxì,game,這個遊戲很好玩。,zhège yóuxì hěn hǎowán.,This game is fun.,B1,leisure,noun,Core Content,
Taiwan Mandarin,茶館/茶館兒,cháguăn/cháguănr,cháguǎn/cháguǎnr,chǎguǎn/cháguǎnr,cháguān/cháguǎnr,cháguǎn/chāguǎnr,teahouse,我們下午在茶館見面。,wǒmen xiàwǔ zài cháguǎn jiànmiàn.,We will meet at the teahouse this afternoon.,B1,leisure,noun,Core Content,
Taiwan Mandarin,門票,ménpiào ,ménpiào,měnpiào,ménpiáo,mēnpiào,ticket,我已經買好門票了。,wǒ yǐjīng mǎi hǎo ménpiào le.,I have already bought the ticket.,B1,leisure,noun,Core Content,
Taiwan Mandarin,陪,péi ,péi,pěi,pèi,pēi,to accompany,我陪媽媽去市場。,wǒ péi māma qù shìchǎng.,I accompany Mom to the market.,B1,relationships,verb,Core Content,
Taiwan Mandarin,利用,lìyòng ,lìyòng,līyòng,lìyóng,lǐyòng,to use; make use of,我利用週末整理房間。,wǒ lìyòng zhōumò zhěnglǐ fángjiān.,I use the weekend to clean my room.,B1,actions,verb,Core Content,
Taiwan Mandarin,好處,hăochù ,hǎochù,hàochù,hǎochú,háochù,advantage; benefit,多喝水有很多好處。,duō hē shuǐ yǒu hěn duō hǎochù.,Drinking more water has many benefits.,B1,ideas,noun,Core Content,
Taiwan Mandarin,壞處,huàichù ,huàichù,huāichù,huàichú,huǎichù,disadvantage,太晚睡有很多壞處。,tài wǎn shuì yǒu hěn duō huàichù.,Sleeping too late has many disadvantages.,B1,ideas,noun,Core Content,
Taiwan Mandarin,目的,mùdì ,mùdì,mūdì,mùdí,mǔdì,purpose,我來台灣的目的是學中文。,wǒ lái Táiwān de mùdì shì xué Zhōngwén.,My purpose in coming to Taiwan is to study Chinese.,B1,ideas,noun,Core Content,
Taiwan Mandarin,要求,yāoqiú ,yāoqiú,yáoqiú,yāoqiù,yàoqiú,to request; requirement,老師要求我們準時到。,lǎoshī yāoqiú wǒmen zhǔnshí dào.,The teacher requires us to arrive on time.,B1,ideas,verb,Core Content,
Taiwan Mandarin,合作,hézuò ,hézuò,hězuò,hézuó,hēzuò,to cooperate; cooperation,這個活動需要大家合作。,zhège huódòng xūyào dàjiā hézuò.,This activity needs everyone to cooperate.,B1,relationships,verb,Core Content,
Taiwan Mandarin,主人,zhǔrén ,zhǔrén,zhùrén,zhǔrèn,zhúrén,host; owner,主人請我們喝茶。,zhǔrén qǐng wǒmen hē chá.,The host invited us to drink tea.,B1,relationships,noun,Core Content,
Taiwan Mandarin,請客,qĭngkè ,qǐngkè,qìngkè,qǐngké,qíngkè,to treat someone; invite as guest,今天我請客，你不用付錢。,"jīntiān wǒ qǐngkè, nǐ bú yòng fù qián.","Today I am treating, so you do not need to pay.",B1,social,verb phrase,Core Content,
Taiwan Mandarin,約,yuē ,yuē,yué,yuě,yuè,to make an appointment; to invite,我想約朋友吃晚餐。,wǒ xiǎng yuē péngyǒu chī wǎncān.,I want to invite a friend to dinner.,B1,social,verb,Core Content,
Taiwan Mandarin,約會,yuēhuì ,yuēhuì,yuéhuì,yuēhuí,yuèhuì,date; appointment,他們星期六有約會。,tāmen xīngqíliù yǒu yuēhuì.,They have a date on Saturday.,B1,social,noun,Core Content,
Taiwan Mandarin,派對,pàiduì,pàiduì,pāiduì,pàiduí,pǎiduì,party,生日派對七點開始。,shēngrì pàiduì qī diǎn kāishǐ.,The birthday party starts at seven.,B1,social,noun,Core Content,
Taiwan Mandarin,祝,zhù,zhù,zhū,zhú,zhǔ,to wish; to congratulate,祝你生日快樂！,zhù nǐ shēngrì kuàilè!,Happy birthday to you!,B1,social,verb,Core Content,
Taiwan Mandarin,留,liú,liú,liǔ,liù,liū,to leave; to stay,請留下你的電話。,qǐng liú xià nǐ de diànhuà.,Please leave your phone number.,B1,actions,verb,Core Content,
Taiwan Mandarin,封,fēng,fēng,féng,fěng,fèng,measure word for letters,我寫了一封信。,wǒ xiě le yì fēng xìn.,I wrote a letter.,B1,measure,measure word,Core Content,
Taiwan Mandarin,信箱,xìnxiāng ,xìnxiāng,xīnxiāng,xìnxiǎng,xǐnxiāng,mailbox,信箱裡有一封信。,xìnxiāng lǐ yǒu yì fēng xìn.,There is a letter in the mailbox.,B1,communication,noun,Core Content,
Taiwan Mandarin,郵票,yóupiào,yóupiào,yǒupiào,yóupiáo,yōupiào,stamp,寄信以前要買郵票。,jì xìn yǐqián yào mǎi yóupiào.,"Before mailing a letter, you need to buy a stamp.",B1,communication,noun,Core Content,
Taiwan Mandarin,回信,huíxìn ,huíxìn,huǐxìn,huíxín,huīxìn,to reply to a letter,請你晚一點回信我。,qǐng nǐ wǎn yìdiǎn huíxìn wǒ.,Please to reply to a letter me later.,B1,communication,verb phrase,Core Content,
Taiwan Mandarin,郵件,yóujiàn ,yóujiàn,yǒujiàn,yóujián,yōujiàn,mail; email,我每天早上看郵件。,wǒ měitiān zǎoshang kàn yóujiàn.,I check email every morning.,B1,communication,noun,Core Content,
Taiwan Mandarin,弄,nòng ,nòng,nōng,nóng,nǒng,to do; make; mess with,我不知道怎麼弄這台機器。,wǒ bù zhīdào zěnme nòng zhè tái jīqì.,I do not know how to use this machine.,B1,actions,verb,Core Content,
Taiwan Mandarin,放心,fàngxīn ,fàngxīn,fāngxīn,fàngxǐn,fǎngxīn,to feel relieved,你放心，我會準時到。,"nǐ fàngxīn, wǒ huì zhǔnshí dào.",Don’t worry; I will arrive on time.,B1,feelings,verb phrase,Core Content,
Taiwan Mandarin,偷,tōu ,tōu,tóu,tǒu,tòu,to steal,偷東西是不對的。,tōu dōngxi shì bú duì de.,Stealing things is wrong.,B1,actions,verb,Core Content,
Taiwan Mandarin,滿,măn ,mǎn,màn,mān,mán,full,這杯水滿了。,zhè bēi shuǐ mǎn le.,This cup of water is full.,B1,description,adjective,Core Content,
Taiwan Mandarin,丟,diū ,diū,diú,diǔ,diù,to lose; throw away,我把雨傘丟在公車上了。,wǒ bǎ yǔsǎn diū zài gōngchē shàng le.,I left my umbrella on the bus.,B1,actions,verb,Core Content,
Taiwan Mandarin,換,huàn ,huàn,huān,huán,huǎn,to change; exchange,這件衣服太大，我想換小一點的。,"zhè jiàn yīfu tài dà, wǒ xiǎng huàn xiǎo yìdiǎn de.",This clothing is too big; I want to exchange it for a smaller one.,B1,actions,verb,Core Content,
Taiwan Mandarin,一塊/一塊兒,yīkuài/yīkuàir,yīkuài/yīkuàir,yíkuài/yīkuàir,yīkuái/yīkuàir,yīkuài/yìkuàir,together; a piece,我們一塊兒去吃飯吧。,wǒmen yīkuàir qù chīfàn ba.,Let’s go eat together.,B1,relationships,phrase,Core Content,
Taiwan Mandarin,同時,tóngshí ,tóngshí,tǒngshí,tóngshì,tōngshí,at the same time,他一邊聽音樂，同時做功課。,"tā yìbiān tīng yīnyuè, tóngshí zuò gōngkè.",He listens to music and does homework at the same time.,B1,time,adverb,Core Content,
Taiwan Mandarin,保護,băohù ,bǎohù,bàohù,bǎohú,báohù,to protect,我們應該保護自然環境。,wǒmen yīnggāi bǎohù zìrán huánjìng.,We should protect the natural environment.,B1,safety,verb,Core Content,
Taiwan Mandarin,出門,chūmén ,chūmén,chúmén,chūmèn,chùmén,to go out,出門以前，記得帶鑰匙。,"chūmén yǐqián, jìde dài yàoshi.","Before going out, remember to bring your key.",B1,daily life,verb phrase,Core Content,
Taiwan Mandarin,現代,xiàndài ,xiàndài,xiāndài,xiàndái,xiǎndài,modern,這個情形很現代。,zhège qíngxíng hěn xiàndài.,This situation is modern.,B1,culture,adjective,Core Content,
Taiwan Mandarin,傳統,chuántŏng ,chuántǒng,chuǎntǒng,chuántōng,chuāntǒng,traditional,春節是重要的傳統節日。,Chūnjié shì zhòngyào de chuántǒng jiérì.,Lunar New Year is an important traditional holiday.,B1,culture,adjective,Core Content,
Taiwan Mandarin,除夕,chúxì ,chúxì,chǔxì,chúxí,chūxì,Lunar New Year's Eve,除夕晚上，我們全家一起吃飯。,"chúxì wǎnshàng, wǒmen quánjiā yìqǐ chīfàn.","On Lunar New Year’s Eve, our whole family eats together.",B1,culture,noun,Core Content,
Taiwan Mandarin,春節,chūnjié ,chūnjié,chúnjié,chūnjiè,chùnjié,Spring Festival; Lunar New Year,春節時，很多人回家。,"Chūnjié shí, hěn duō rén huí jiā.","During Lunar New Year, many people go home.",B1,culture,noun,Core Content,
Taiwan Mandarin,節日,jiérì ,jiérì,jiěrì,jiérí,jiērì,holiday; festival,中秋節是台灣重要的節日。,Zhōngqiū Jié shì Táiwān zhòngyào de jiérì.,Mid-Autumn Festival is an important holiday in Taiwan.,B1,culture,noun,Core Content,
Taiwan Mandarin,帶來,dàilái ,dàilái,dāilái,dàilài,dǎilái,to bring,這個消息帶來很多希望。,zhège xiāoxí dàilái hěn duō xīwàng.,This news brings a lot of hope.,B1,actions,verb,Core Content,
Taiwan Mandarin,當中,dāngzhōng ,dāngzhōng,dángzhōng,dāngzhǒng,dàngzhōng,among; in the middle,這些學生當中，他最用功。,"zhèxiē xuéshēng dāngzhōng, tā zuì yònggōng.","Among these students, he studies the hardest.",B1,place,phrase,Core Content,
Taiwan Mandarin,法律,fălǜ,fǎlǜ,fàlǜ,fǎlǘ,fálǜ,law,每個人都應該遵守法律。,měi ge rén dōu yīnggāi zūnshǒu fǎlǜ.,Everyone should follow the law.,B1,society,noun,Core Content,
Taiwan Mandarin,方面,fāngmiàn ,fāngmiàn,fángmiàn,fāngmián,fàngmiàn,aspect; side,在工作方面，他很有經驗。,"zài gōngzuò fāngmiàn, tā hěn yǒu jīngyàn.","In terms of work, he has a lot of experience.",B1,ideas,noun,Core Content,
Taiwan Mandarin,開玩笑,kāiwánxiào ,kāiwánxiào,káiwánxiào,kāiwànxiào,kāiwánxiǎo,to joke,我只是開玩笑，別生氣。,"wǒ zhǐshì kāiwánxiào, bié shēngqì.",I am only joking; don’t be angry.,B1,social,verb phrase,Core Content,
Taiwan Mandarin,可惜,kěxí ,kěxí,kèxí,kěxì,kéxí,a pity; too bad,今天下雨，不能去野餐，真可惜。,"jīntiān xià yǔ, bù néng qù yěcān, zhēn kěxí.","It is raining today, so we cannot picnic. What a pity.",B1,feelings,adjective,Core Content,
Taiwan Mandarin,老太太(˙ㄊㄞ),lăotàitai ,lǎotàitai,làotàitai,lǎotáitai,láotàitai,old lady,那位老太太每天早上散步。,nà wèi lǎotàitai měitiān zǎoshang sànbù.,That old lady takes a walk every morning.,B1,people,noun,Core Content,
Taiwan Mandarin,有名,yŏumíng ,yǒumíng,yòumíng,yǒumìng,yóumíng,famous,這家店的牛肉麵很有名。,zhè jiā diàn de niúròumiàn hěn yǒumíng.,This shop’s beef noodles are famous.,B1,description,adjective,Core Content,
Taiwan Mandarin,自由,zìyóu ,zìyóu,zīyóu,zìyòu,zǐyóu,free; freedom,放假時，我有比較多自由時間。,"fàngjià shí, wǒ yǒu bǐjiào duō zìyóu shíjiān.","During vacation, I have more free time.",B1,society,noun,Core Content,
Taiwan Mandarin,社會,shèhuì ,shèhuì,shēhuì,shèhuí,shěhuì,society,現代社會變得很快。,xiàndài shèhuì biàn de hěn kuài.,Modern society changes quickly.,B1,society,noun,Core Content,
Taiwan Mandarin,時差,shíchā,shíchā,shǐchā,shíchǎ,shīchā,time difference,我會在時差以前到。,wǒ huì zài shíchā yǐqián dào.,I will arrive before time difference.,B1,time,noun,Core Content,
Taiwan Mandarin,市區,shìqū ,shìqū,shīqū,shìqǔ,shǐqū,downtown area,我家離市區很近。,wǒ jiā lí shìqū hěn jìn.,My home is very close to downtown.,B1,place,noun,Core Content,
Taiwan Mandarin,溫泉,wēnquán ,wēnquán,wénquán,wēnquàn,wènquán,hot spring,冬天泡溫泉很舒服。,dōngtiān pào wēnquán hěn shūfú.,Soaking in hot springs in winter is comfortable.,B1,travel,noun,Core Content,
Taiwan Mandarin,公路,gōnglù ,gōnglù,gónglù,gōnglú,gònglù,highway,這條公路通到海邊。,zhè tiáo gōnglù tōng dào hǎibiān.,This highway leads to the seaside.,B1,transport,noun,Core Content,
Taiwan Mandarin,速度,sùdù ,sùdù,sūdù,sùdú,sǔdù,speed,開車速度不要太快。,kāichē sùdù bú yào tài kuài.,Do not drive too fast.,B1,transport,noun,Core Content,
Taiwan Mandarin,到處,dàochù ,dàochù,dāochù,dàochú,dǎochù,everywhere,假日的市區到處都是人。,jiàrì de shìqū dàochù dōu shì rén.,"On holidays, there are people everywhere downtown.",B1,place,adverb,Core Content,
Taiwan Mandarin,地點,dìdiăn ,dìdiǎn,dīdiǎn,dìdiān,dǐdiǎn,place; location,我們先決定見面的地點。,wǒmen xiān juédìng jiànmiàn de dìdiǎn.,Let’s first decide the meeting place.,B1,place,noun,Core Content,
Taiwan Mandarin,巴士,bāshì ,bāshì,báshì,bāshí,bàshì,bus,我們坐巴士去機場。,wǒmen zuò bāshì qù jīchǎng.,We take a bus to the airport.,B1,transport,noun,Core Content,
Taiwan Mandarin,加油,jiāyóu ,jiāyóu,jiáyóu,jiāyòu,jiàyóu,to add fuel; cheer up,我們明天要加油去台北。,wǒmen míngtiān yào jiāyóu qù Táiběi.,Tomorrow we will to add fuel; cheer up to Taipei.,B1,transport,verb phrase,Core Content,
Taiwan Mandarin,摩托車/機車,mótuōchē/jīchē,mótuōchē/jīchē,mǒtuōchē/jīchē,mótuǒchē/jīchē,mótuōchè/jīchē,motorcycle; scooter,在台灣，很多人騎機車。,"zài Táiwān, hěn duō rén qí jīchē.","In Taiwan, many people ride scooters.",B1,transport,noun,Core Content,
Taiwan Mandarin,船/船兒,chuán/chuánr,chuán/chuánr,chuǎn/chuánr,chuán/chuànr,chuān/chuánr,boat; ship,我們坐船去小島。,wǒmen zuò chuán qù xiǎodǎo.,We take a boat to the small island.,B1,transport,noun,Core Content,
Taiwan Mandarin,地鐵,dìtiě ,dìtiě,dītiě,dìtiē,dǐtiě,subway,這個城市有地鐵。,zhège chéngshì yǒu dìtiě.,This city has a subway.,B1,transport,noun,Core Content,
Taiwan Mandarin,捷運,jiéyùn,jiéyùn,jiěyùn,jiéyún,jiēyùn,MRT; metro,我每天搭捷運去上課。,wǒ měitiān dā jiéyùn qù shàngkè.,I take the MRT to class every day.,B1,transport,noun,Core Content,
Taiwan Mandarin,停車場,tíngchēchăng ,tíngchēchǎng,tǐngchēchǎng,tíngchěchǎng,tíngchēcháng,parking lot,車子停在停車場。,chēzi tíng zài tíngchēchǎng.,The car is parked in the parking lot.,B1,transport,noun,Core Content,
Taiwan Mandarin,月台,yuètái ,yuètái,yuētái,yuètài,yuětái,platform,請在二號月台等車。,qǐng zài èr hào yuètái děng chē.,Please wait for the train at platform two.,B1,transport,noun,Core Content,
Taiwan Mandarin,搭,dā ,dā,dá,dǎ,dà,to take; ride,我們明天要搭去台北。,wǒmen míngtiān yào dā qù Táiběi.,Tomorrow we will to take; ride to Taipei.,B1,transport,verb,Core Content,
Taiwan Mandarin,飛,fēi ,fēi,féi,fěi,fèi,to fly,我們明天要飛去台北。,wǒmen míngtiān yào fēi qù Táiběi.,Tomorrow we will to fly to Taipei.,B1,transport,verb,Core Content,
Taiwan Mandarin,下,xià ,xià,xiā,xiá,xiǎ,down; get off,我們在下一站下車。,wǒmen zài xià yí zhàn xià chē.,We get off at the next stop.,B1,direction,verb,Core Content,
Taiwan Mandarin,上,shàng ,shàng,shāng,sháng,shǎng,up; get on,請先上車再買票。,qǐng xiān shàng chē zài mǎi piào.,Please get on first and then buy a ticket.,B1,direction,verb,Core Content,
Taiwan Mandarin,這些,zhèxiē ,zhèxiē,zhēxiē,zhèxiě,zhěxiē,these,這些水果很新鮮。,zhèxiē shuǐguǒ hěn xīnxian.,These fruits are fresh.,B1,pronoun,pronoun,Core Content,
Taiwan Mandarin,那些,nàxiē ,nàxiē,nāxiē,nàxiě,nǎxiē,those,那些書是老師的。,nàxiē shū shì lǎoshī de.,Those books belong to the teacher.,B1,pronoun,pronoun,Core Content,
Taiwan Mandarin,東方,dōngfāng ,dōngfāng,dóngfāng,dōngfǎng,dòngfāng,the East; eastern,太陽從東方出來。,tàiyáng cóng dōngfāng chūlái.,The sun rises from the east.,B1,place,noun,Core Content,
Taiwan Mandarin,非洲,fēizhōu,fēizhōu,féizhōu,fēizhǒu,fèizhōu,Africa,我想去非洲旅行。,wǒ xiǎng qù Fēizhōu lǚxíng.,I want to travel to Africa.,B1,place,proper noun,Core Content,
Taiwan Mandarin,美洲,měizhōu,měizhōu,mèizhōu,měizhǒu,méizhōu,the Americas,美洲有很多國家。,Měizhōu yǒu hěn duō guójiā.,The Americas have many countries.,B1,place,proper noun,Core Content,
Taiwan Mandarin,歐洲,ōuzhōu,ōuzhōu,óuzhōu,ōuzhǒu,òuzhōu,Europe,她去年去歐洲旅行。,tā qùnián qù Ōuzhōu lǚxíng.,She traveled to Europe last year.,B1,place,proper noun,Core Content,
Taiwan Mandarin,亞洲,yàzhōu,yàzhōu,yāzhōu,yàzhǒu,yǎzhōu,Asia,台灣在亞洲。,Táiwān zài Yàzhōu.,Taiwan is in Asia.,B1,place,proper noun,Core Content,
Taiwan Mandarin,大陸,dàlù ,dàlù,dālù,dàlú,dǎlù,mainland; continent,他坐船到大陸。,tā zuò chuán dào dàlù.,He took a boat to the mainland.,B1,place,noun,Core Content,
Taiwan Mandarin,動,dòng ,dòng,dōng,dóng,dǒng,to move,請不要動我的東西。,qǐng bú yào dòng wǒ de dōngxi.,Please do not move my things.,B1,actions,verb,Core Content,
Taiwan Mandarin,起,qĭ,qǐ,qì,qī,qí,to rise; start,他每天六點起床。,tā měitiān liù diǎn qǐchuáng.,He gets up at six every day.,B1,actions,verb,Core Content,
Taiwan Mandarin,停,tíng ,tíng,tǐng,tìng,tīng,to stop,車子停在門口。,chēzi tíng zài ménkǒu.,The car stopped at the door.,B1,actions,verb,Core Content,
Taiwan Mandarin,中心,zhōngxīn ,zhōngxīn,zhóngxīn,zhōngxǐn,zhòngxīn,center,市中心有很多商店。,shì zhōngxīn yǒu hěn duō shāngdiàn.,There are many stores in the city center.,B1,place,noun,Core Content,
Taiwan Mandarin,簽證,qiānzhèng ,qiānzhèng,qiánzhèng,qiānzhéng,qiànzhèng,visa,出國旅行需要簽證。,chūguó lǚxíng xūyào qiānzhèng.,International travel requires visa.,B1,travel,noun,Core Content,
Taiwan Mandarin,行李,xínglĭ,xínglǐ,xǐnglǐ,xínglī,xīnglǐ,luggage,出國旅行需要行李。,chūguó lǚxíng xūyào xínglǐ.,International travel requires luggage.,B1,travel,noun,Core Content,
Taiwan Mandarin,背包,bēibāo ,bēibāo,béibāo,bēibǎo,bèibāo,backpack,出國旅行需要背包。,chūguó lǚxíng xūyào bēibāo.,International travel requires backpack.,B1,travel,noun,Core Content,
Taiwan Mandarin,鎖,suŏ ,suǒ,suò,suō,suó,lock,請把鎖放在桌上。,qǐng bǎ suǒ fàng zài zhuō shàng.,Please put the lock on the table.,B1,objects,noun,Core Content,
Taiwan Mandarin,入口,rùkŏu,rùkǒu,rūkǒu,rùkōu,rǔkǒu,entrance,我想去入口看看。,wǒ xiǎng qù rùkǒu kànkan.,I want to go see the entrance.,B1,place,noun,Core Content,
Taiwan Mandarin,出口,chūkŏu ,chūkǒu,chúkǒu,chūkōu,chùkǒu,exit,我想去出口看看。,wǒ xiǎng qù chūkǒu kànkan.,I want to go see the exit.,B1,place,noun,Core Content,
Taiwan Mandarin,油,yóu ,yóu,yǒu,yòu,yōu,oil; fuel,車子沒有油了。,chēzi méi yǒu yóu le.,The car is out of fuel.,B1,transport,noun,Core Content,
Taiwan Mandarin,鑰匙,yàoshi ,yàoshi,yāoshi,yáoshi,yǎoshi,key,請把鑰匙放在桌上。,qǐng bǎ yàoshi fàng zài zhuō shàng.,Please put the key on the table.,B1,objects,noun,Core Content,
Taiwan Mandarin,方向,fāngxiàng ,fāngxiàng,fángxiàng,fāngxiáng,fàngxiàng,direction,請告訴我正確的方向。,qǐng gàosu wǒ zhèngquè de fāngxiàng.,Please tell me the correct direction.,B1,place,noun,Core Content,
Taiwan Mandarin,交通,jiāotōng ,jiāotōng,jiáotōng,jiāotǒng,jiàotōng,traffic; transportation,台北的交通很方便。,Táiběi de jiāotōng hěn fāngbiàn.,Transportation in Taipei is convenient.,B1,transport,noun,Core Content,
Taiwan Mandarin,標準,biāozhŭn ,biāozhǔn,biáozhǔn,biāozhūn,biàozhǔn,standard,這個答案不符合標準。,zhège dáàn bù fúhé biāozhǔn.,This answer does not meet the standard.,B1,ideas,noun,Core Content,
Taiwan Mandarin,拍照,pāizhào,pāizhào,páizhào,pāizháo,pàizhào,to take a photo,請不要在這裡拍照。,qǐng bú yào zài zhèlǐ pāizhào.,Please do not take photos here.,B1,travel,verb phrase,Core Content,
Taiwan Mandarin,腿,tuĭ,tuǐ,tuì,tuī,tuí,leg,醫生問我腿怎麼了。,yīshēng wèn wǒ tuǐ zěnme le.,The doctor asked what happened with my leg.,B1,body,noun,Core Content,
Taiwan Mandarin,背,bèi ,bèi,bēi,béi,běi,back,醫生問我背怎麼了。,yīshēng wèn wǒ bèi zěnme le.,The doctor asked what happened with my back.,B1,body,noun,Core Content,
Taiwan Mandarin,脖(子),bó(zi) ,bó(zi),bǒ(zi),bò(zi),bō(zi),neck,醫生問我脖怎麼了。,yīshēng wèn wǒ bó zěnme le.,The doctor asked what happened with my neck.,B1,body,noun,Core Content,
Taiwan Mandarin,汗,hàn ,hàn,hān,hán,hǎn,sweat,醫生問我汗怎麼了。,yīshēng wèn wǒ hàn zěnme le.,The doctor asked what happened with my sweat.,B1,body,noun,Core Content,
Taiwan Mandarin,臉色,liănsè ,liǎnsè,liànsè,liǎnsé,liánsè,complexion; facial color,醫生問我臉色怎麼了。,yīshēng wèn wǒ liǎnsè zěnme le.,The doctor asked what happened with my complexion; facial color.,B1,body,noun,Core Content,
Taiwan Mandarin,救護車,jiùhùchē,jiùhùchē,jiūhùchē,jiùhúchē,jiùhùchè,ambulance,醫生問我救護車怎麼了。,yīshēng wèn wǒ jiùhùchē zěnme le.,The doctor asked what happened with my ambulance.,B1,health,noun,Core Content,
Taiwan Mandarin,咳嗽,késòu ,késòu,kěsòu,késóu,kēsòu,to cough; cough,他咳嗽得很厲害。,tā késòu de hěn lìhài.,He is coughing badly.,B1,health,verb,Core Content,
Taiwan Mandarin,發燒,fāshāo ,fāshāo,fáshāo,fāshǎo,fàshāo,to have a fever,妹妹發燒了，所以今天不去學校。,"mèimei fāshāo le, suǒyǐ jīntiān bú qù xuéxiào.","My younger sister has a fever, so she is not going to school today.",B1,health,verb phrase,Core Content,
Taiwan Mandarin,頭痛,tóutòng  ,tóutòng,tǒutòng,tóutóng,tōutòng,headache,我今天頭痛，想早點休息。,"wǒ jīntiān tóutòng, xiǎng zǎodiǎn xiūxi.",I have a headache today and want to rest earlier.,B1,health,noun,Core Content,
Taiwan Mandarin,疼,téng ,téng,těng,tèng,tēng,to hurt; ache,我的牙很疼。,wǒ de yá hěn téng.,My tooth hurts.,B1,health,verb,Core Content,
Taiwan Mandarin,保險,băoxiăn ,bǎoxiǎn,bàoxiǎn,bǎoxiān,báoxiǎn,insurance,醫生問我保險怎麼了。,yīshēng wèn wǒ bǎoxiǎn zěnme le.,The doctor asked what happened with my insurance.,B1,health,noun,Core Content,
Taiwan Mandarin,掛號,guàhào ,guàhào,guāhào,guàháo,guǎhào,to register at a clinic,我先去櫃台掛號。,wǒ xiān qù guìtái guàhào.,I will first go to the counter to register.,B1,health,verb phrase,Core Content,
Taiwan Mandarin,牙刷,yáshuā ,yáshuā,yǎshuā,yáshuǎ,yāshuā,toothbrush,醫生問我牙刷怎麼了。,yīshēng wèn wǒ yáshuā zěnme le.,The doctor asked what happened with my toothbrush.,B1,health,noun,Core Content,
Taiwan Mandarin,藥房,yàofáng ,yàofáng,yāofáng,yàofàng,yǎofáng,pharmacy,醫生問我藥房怎麼了。,yīshēng wèn wǒ yàofáng zěnme le.,The doctor asked what happened with my pharmacy.,B1,health,noun,Core Content,
Taiwan Mandarin,救命,jiùmìng,jiùmìng,jiūmìng,jiùmíng,jiǔmìng,help; save me,醫生問我救命怎麼了。,yīshēng wèn wǒ jiùmìng zěnme le.,The doctor asked what happened with my help; save me.,B1,health,phrase,Core Content,
Taiwan Mandarin,影響,yĭngxiăng ,yǐngxiǎng,yìngxiǎng,yǐngxiāng,yíngxiǎng,influence; effect,睡太少會影響健康。,shuì tài shǎo huì yǐngxiǎng jiànkāng.,Sleeping too little affects health.,B1,ideas,noun,Core Content,
Taiwan Mandarin,感覺,gănjué ,gǎnjué,gànjué,gǎnjuè,gánjué,feeling; to feel,我今天感覺好多了。,wǒ jīntiān gǎnjué hǎo duō le.,I feel much better today.,B1,feelings,noun,Core Content,
Taiwan Mandarin,精神,jīngshén ,jīngshén,jíngshén,jīngshèn,jìngshén,spirit; energy,醫生問我精神怎麼了。,yīshēng wèn wǒ jīngshén zěnme le.,The doctor asked what happened with my spirit; energy.,B1,health,noun,Core Content,
Taiwan Mandarin,正常,zhèngcháng ,zhèngcháng,zhēngcháng,zhèngchàng,zhěngcháng,normal,這個情形很正常。,zhège qíngxíng hěn zhèngcháng.,This situation is normal.,B1,description,adjective,Core Content,
Taiwan Mandarin,有錢,yŏuqián ,yǒuqián,yòuqián,yǒuqiàn,yóuqián,rich; have money,他不是很有錢，但是很大方。,"tā bú shì hěn yǒuqián, dànshì hěn dàfāng.","He is not very rich, but he is generous.",B1,money,adjective,Core Content,
Taiwan Mandarin,生意,shēngyì ,shēngyì,shéngyì,shēngyí,shèngyì,business,這家店的生意很好。,zhè jiā diàn de shēngyì hěn hǎo.,This shop’s business is good.,B1,work,noun,Core Content,
Taiwan Mandarin,商人,shāngrén ,shāngrén,shángrén,shāngrèn,shàngrén,businessperson,那位商人常去國外。,nà wèi shāngrén cháng qù guówài.,That businessperson often goes abroad.,B1,work,noun,Core Content,
Taiwan Mandarin,老闆娘/老板娘,lăobănniáng,lǎobǎnniáng,làobǎnniáng,lǎobānniáng,lǎobǎnniāng,proprietress; boss's wife,老闆娘對客人很親切。,lǎobǎnniáng duì kèrén hěn qīnqiè.,The proprietress is friendly to customers.,B1,work,noun,Core Content,
Taiwan Mandarin,店員,diànyuán ,diànyuán,diānyuán,diànyuàn,diǎnyuán,store clerk,店員幫我找尺寸。,diànyuán bāng wǒ zhǎo chǐcùn.,The clerk helped me find the size.,B1,work,noun,Core Content,
Taiwan Mandarin,訂,dìng ,dìng,dīng,díng,dǐng,to reserve; order,我想訂兩張票。,wǒ xiǎng dìng liǎng zhāng piào.,I want to reserve two tickets.,B1,shopping,verb,Core Content,
Taiwan Mandarin,訂位,dìngwèi ,dìngwèi,dīngwèi,dìngwéi,dǐngwèi,to reserve a seat,我們需要先訂位。,wǒmen xūyào xiān dìngwèi.,We need to reserve seats first.,B1,shopping,verb phrase,Core Content,
Taiwan Mandarin,得到,dédào ,dédào,dědào,dédáo,dēdào,to get; obtain,他得到一個好機會。,tā dédào yí ge hǎo jīhuì.,He got a good opportunity.,B1,actions,verb,Core Content,
Taiwan Mandarin,困難,kùnnán ,kùnnán,kūnnán,kùnnàn,kǔnnán,difficulty; difficult,學中文有時候很困難。,xué Zhōngwén yǒu shíhou hěn kùnnán.,Studying Chinese is sometimes difficult.,B1,description,noun,Core Content,
Taiwan Mandarin,百貨公司,băihuògōngsī,bǎihuògōngsī,bàihuògōngsī,bǎihuógōngsī,bǎihuògòngsī,department store,我在商店看到這個百貨公司。,wǒ zài shāngdiàn kàndào zhège bǎihuògōngsī.,I saw this department store at the store.,B1,shopping,noun,Core Content,
Taiwan Mandarin,夜市,yèshì ,yèshì,yēshì,yèshí,yěshì,night market,週末我們去夜市吃小吃。,zhōumò wǒmen qù yèshì chī xiǎochī.,"On the weekend, we go to the night market to eat snacks.",B1,shopping,noun,Core Content,
Taiwan Mandarin,逛,guàng ,guàng,guāng,guáng,guǎng,to stroll; shop around,我們下午去逛百貨公司。,wǒmen xiàwǔ qù guàng bǎihuò gōngsī.,We are going to browse the department store this afternoon.,B1,shopping,verb,Core Content,
Taiwan Mandarin,逛街,guàngjiē ,guàngjiē,guāngjiē,guàngjiě,guǎngjiē,to go shopping,她喜歡跟朋友一起逛街。,tā xǐhuān gēn péngyǒu yìqǐ guàngjiē.,She likes to go shopping with friends.,B1,shopping,verb phrase,Core Content,
Taiwan Mandarin,排隊,páiduì  ,páiduì,pǎiduì,páiduí,pāiduì,to line up,買票以前要先排隊。,mǎi piào yǐqián yào xiān páiduì.,"Before buying tickets, you need to line up first.",B1,shopping,verb phrase,Core Content,
Taiwan Mandarin,客滿,kèmăn ,kèmǎn,kēmǎn,kèmān,kěmǎn,fully booked; no seats available,這家餐廳今天客滿了。,zhè jiā cāntīng jīntiān kèmǎn le.,This restaurant is full today.,B1,shopping,adjective,Core Content,
Taiwan Mandarin,刷卡,shuākă ,shuākǎ,shuákǎ,shuākā,shuàkǎ,to pay by card,這家店可以刷卡嗎？,zhè jiā diàn kěyǐ shuākǎ ma?,Can I pay by card at this store?,B1,shopping,verb phrase,Core Content,
Taiwan Mandarin,提,tí,tí,tǐ,tì,tī,to carry; mention,他提了一個好問題。,tā tí le yí ge hǎo wèntí.,He brought up a good question.,B1,actions,verb,Core Content,
Taiwan Mandarin,流行,liúxíng ,liúxíng,liǔxíng,liúxìng,liūxíng,popular; fashionable,這種鞋今年很流行。,zhè zhǒng xié jīnnián hěn liúxíng.,This kind of shoe is popular this year.,B1,shopping,adjective,Core Content,
Taiwan Mandarin,藍色,lánsè ,lánsè,lǎnsè,lánsé,lānsè,blue,我想買藍色的外套。,wǒ xiǎng mǎi lánsè de wàitào.,I want to buy a blue jacket.,B1,colors,adjective,Core Content,
Taiwan Mandarin,綠色,lǜsè ,lǜsè,lǖsè,lǜsé,lǚsè,green,她穿綠色的上衣。,tā chuān lǜsè de shàngyī.,She is wearing a green top.,B1,colors,adjective,Core Content,
Taiwan Mandarin,紅色,hóngsè ,hóngsè,hǒngsè,hóngsé,hōngsè,red,紅色的鞋很漂亮。,hóngsè de xié hěn piàoliang.,The red shoes are pretty.,B1,colors,adjective,Core Content,
Taiwan Mandarin,黑色,hēisè ,hēisè,héisè,hēisé,hèisè,black,我有一個黑色的背包。,wǒ yǒu yí ge hēisè de bēibāo.,I have a black backpack.,B1,colors,adjective,Core Content,
Taiwan Mandarin,毛衣,máoyī ,máoyī,mǎoyī,máoyǐ,māoyī,sweater,我在商店看到這個毛衣。,wǒ zài shāngdiàn kàndào zhège máoyī.,I saw this sweater at the store.,B1,clothing,noun,Core Content,
Taiwan Mandarin,雨衣,yŭyī ,yǔyī,yùyī,yǔyǐ,yúyī,raincoat,我在商店看到這個雨衣。,wǒ zài shāngdiàn kàndào zhège yǔyī.,I saw this raincoat at the store.,B1,clothing,noun,Core Content,
Taiwan Mandarin,內衣,nèiyī ,nèiyī,nēiyī,nèiyǐ,něiyī,underwear,我在商店看到這個內衣。,wǒ zài shāngdiàn kàndào zhège nèiyī.,I saw this underwear at the store.,B1,clothing,noun,Core Content,
Taiwan Mandarin,上衣,shàngyī ,shàngyī,shāngyī,shàngyǐ,shǎngyī,top; shirt,我在商店看到這個上衣。,wǒ zài shāngdiàn kàndào zhège shàngyī.,I saw this top; shirt at the store.,B1,clothing,noun,Core Content,
Taiwan Mandarin,皮鞋,píxié ,píxié,pǐxié,píxiè,pīxié,leather shoes,我在商店看到這個皮鞋。,wǒ zài shāngdiàn kàndào zhège píxié.,I saw this leather shoes at the store.,B1,clothing,noun,Core Content,
Taiwan Mandarin,手套,shŏutào,shǒutào,shòutào,shǒutáo,shóutào,gloves,我在商店看到這個手套。,wǒ zài shāngdiàn kàndào zhège shǒutào.,I saw this gloves at the store.,B1,clothing,noun,Core Content,
Taiwan Mandarin,口袋,kŏudài ,kǒudài,kòudài,kǒudái,kóudài,pocket,我在商店看到這個口袋。,wǒ zài shāngdiàn kàndào zhège kǒudài.,I saw this pocket at the store.,B1,clothing,noun,Core Content,
Taiwan Mandarin,小費,xiăofèi ,xiǎofèi,xiàofèi,xiǎoféi,xiáofèi,tip; gratuity,我在商店看到這個小費。,wǒ zài shāngdiàn kàndào zhège xiǎofèi.,I saw this tip; gratuity at the store.,B1,money,noun,Core Content,
Taiwan Mandarin,打折,dăzhé ,dǎzhé,dàzhé,dǎzhè,dázhé,to discount,這件毛衣正在打折。,zhè jiàn máoyī zhèngzài dǎzhé.,This sweater is on sale.,B1,shopping,verb phrase,Core Content,
Taiwan Mandarin,零錢,língqián ,língqián,lǐngqián,língqiàn,līngqián,change; small money,我在商店看到這個零錢。,wǒ zài shāngdiàn kàndào zhège língqián.,I saw this change; small money at the store.,B1,money,noun,Core Content,
Taiwan Mandarin,零用錢,língyòngqián ,língyòngqián,lǐngyòngqián,língyóngqián,língyòngqiān,allowance; pocket money,我在商店看到這個零用錢。,wǒ zài shāngdiàn kàndào zhège língyòngqián.,I saw this allowance; pocket money at the store.,B1,money,noun,Core Content,
Taiwan Mandarin,存,cún ,cún,cǔn,cùn,cūn,to save; deposit,我每個月存一點錢。,wǒ měi ge yuè cún yìdiǎn qián.,I save a little money every month.,B1,money,verb,Core Content,
Taiwan Mandarin,毛,máo ,máo,mǎo,mào,māo,mao; ten cents; hair,我在商店看到這個毛。,wǒ zài shāngdiàn kàndào zhège máo.,I saw this mao; ten cents; hair at the store.,B1,money,noun,Core Content,
Taiwan Mandarin,高級,gāojí ,gāojí,gáojí,gāojì,gàojí,high-class; advanced,這個情形很高級。,zhège qíngxíng hěn gāojí.,This situation is high-class; advanced.,B1,description,adjective,Core Content,
Taiwan Mandarin,一般,yībān ,yībān,yíbān,yībǎn,yìbān,ordinary; general,這個情形很一般。,zhège qíngxíng hěn yībān.,This situation is ordinary; general.,B1,description,adjective,Core Content,
Taiwan Mandarin,合適,héshì ,héshì,hěshì,héshí,hēshì,suitable; fitting,這件衣服很合適。,zhè jiàn yīfu hěn héshì.,This clothing fits well.,B1,description,adjective,Core Content,
Taiwan Mandarin,適合,shìhé ,shìhé,shīhé,shìhè,shǐhé,to suit; be suitable for,這雙鞋很適合你。,zhè shuāng xié hěn shìhé nǐ.,This pair of shoes suits you well.,B1,description,verb,Core Content,
Taiwan Mandarin,圓,yuán ,yuán,yuǎn,yuàn,yuān,round; circle; yuan,這個桌子是圓的。,zhège zhuōzi shì yuán de.,This table is round.,B1,description,noun,Core Content,
Taiwan Mandarin,光,guāng ,guāng,guáng,guǎng,guàng,light; only; bare,早上的光很舒服。,zǎoshang de guāng hěn shūfú.,The morning light is comfortable.,B1,description,noun,Core Content,
Taiwan Mandarin,死,sĭ,sǐ,sì,sī,sí,to die; dead,這棵樹死了。,zhè kē shù sǐ le.,This tree died.,B1,life,verb,Core Content,
Taiwan Mandarin,髒,zāng ,zāng,záng,zǎng,zàng,dirty,這個情形很髒。,zhège qíngxíng hěn zāng.,This situation is dirty.,B1,description,adjective,Core Content,
Taiwan Mandarin,破,pò,pò,pō,pó,pǒ,broken; torn,這個情形很破。,zhège qíngxíng hěn pò.,This situation is broken; torn.,B1,description,adjective,Core Content,
Taiwan Mandarin,袋,dài ,dài,dāi,dái,dǎi,bag,請給我一個袋子。,qǐng gěi wǒ yí ge dàizi.,Please give me a bag.,B1,objects,noun,Core Content,
Taiwan Mandarin,套,tào ,tào,tāo,táo,tǎo,set; cover; measure word,這裡有一套東西。,zhèlǐ yǒu yì tào dōngxi.,There is one set; cover; measure word of something here.,B1,measure,measure word,Core Content,
Taiwan Mandarin,沙拉,shālā ,shālā,shálā,shālǎ,shàlā,salad,我想買一些沙拉。,wǒ xiǎng mǎi yìxiē shālā.,I want to buy some salad.,B1,food,noun,Core Content,
Taiwan Mandarin,牛排,niúpái ,niúpái,niǔpái,niúpài,niūpái,steak,我想買一些牛排。,wǒ xiǎng mǎi yìxiē niúpái.,I want to buy some steak.,B1,food,noun,Core Content,
Taiwan Mandarin,海鮮,hăixiān  ,hǎixiān,hàixiān,hǎixiǎn,háixiān,seafood,我對海鮮有一點過敏。,wǒ duì hǎixiān yǒu yìdiǎn guòmǐn.,I am a little allergic to seafood.,B1,food,noun,Core Content,
Taiwan Mandarin,火腿,huŏtuĭ ,huǒtuǐ,huòtuǐ,huǒtuī,huótuǐ,ham,我想買一些火腿。,wǒ xiǎng mǎi yìxiē huǒtuǐ.,I want to buy some ham.,B1,food,noun,Core Content,
Taiwan Mandarin,熱狗,règŏu,règǒu,rēgǒu,règōu,rěgǒu,hot dog,我想買一些熱狗。,wǒ xiǎng mǎi yìxiē règǒu.,I want to buy some hot dog.,B1,food,noun,Core Content,
Taiwan Mandarin,饅頭,mántou ,mántou,mǎntou,màntou,māntou,steamed bun,我想買一些饅頭。,wǒ xiǎng mǎi yìxiē mántou.,I want to buy some steamed bun.,B1,food,noun,Core Content,
Taiwan Mandarin,米,mĭ,mǐ,mì,mī,mí,rice; grain,我想買一些米。,wǒ xiǎng mǎi yìxiē mǐ.,I want to buy some rice; grain.,B1,food,noun,Core Content,
Taiwan Mandarin,豆腐(˙ㄈㄨ),dòufu,dòufu,dōufu,dóufu,dǒufu,tofu,我晚餐想吃豆腐。,wǒ wǎncān xiǎng chī dòufu.,I want to eat tofu for dinner.,B1,food,noun,Core Content,
Taiwan Mandarin,橘(子),jú(zi ),jú(zi ),jǔ(zi ),jù(zi ),jū(zi ),orange; tangerine,我想買一些橘。,wǒ xiǎng mǎi yìxiē jú.,I want to buy some orange; tangerine.,B1,food,noun,Core Content,
Taiwan Mandarin,葡萄(˙ㄊㄠ),pútao ,pútao,pǔtao,pùtao,pūtao,grape,我想買一些葡萄。,wǒ xiǎng mǎi yìxiē pútao.,I want to buy some grape.,B1,food,noun,Core Content,
Taiwan Mandarin,芒果,mángguŏ ,mángguǒ,mǎngguǒ,mángguō,māngguǒ,mango,我想買一些芒果。,wǒ xiǎng mǎi yìxiē mángguǒ.,I want to buy some mango.,B1,food,noun,Core Content,
Taiwan Mandarin,烏龍茶,wūlóngchá ,wūlóngchá,wúlóngchá,wūlòngchá,wūlóngchā,oolong tea,我想買一些烏龍茶。,wǒ xiǎng mǎi yìxiē wūlóngchá.,I want to buy some oolong tea.,B1,drink,noun,Core Content,
Taiwan Mandarin,豆漿,dòujiāng ,dòujiāng,dōujiāng,dòujiǎng,dǒujiāng,soy milk,我想買一些豆漿。,wǒ xiǎng mǎi yìxiē dòujiāng.,I want to buy some soy milk.,B1,drink,noun,Core Content,
Taiwan Mandarin,可樂,kělè,kělè,kèlè,kělé,kélè,cola,我想買一些可樂。,wǒ xiǎng mǎi yìxiē kělè.,I want to buy some cola.,B1,drink,noun,Core Content,
Taiwan Mandarin,奶茶,năichá ,nǎichá,nàichá,nǎichà,náichá,milk tea,我想買一些奶茶。,wǒ xiǎng mǎi yìxiē nǎichá.,I want to buy some milk tea.,B1,drink,noun,Core Content,
Taiwan Mandarin,汽水,qìshuĭ,qìshuǐ,qīshuǐ,qìshuī,qǐshuǐ,soda,我想買一些汽水。,wǒ xiǎng mǎi yìxiē qìshuǐ.,I want to buy some soda.,B1,drink,noun,Core Content,
Taiwan Mandarin,冰塊/冰塊兒,bīngkuài/bīngkuàir,bīngkuài/bīngkuàir,bíngkuài/bīngkuàir,bīngkuái/bīngkuàir,bīngkuài/bìngkuàir,ice cube,我想買一些冰塊。,wǒ xiǎng mǎi yìxiē bīngkuài.,I want to buy some ice cube.,B1,drink,noun,Core Content,
Taiwan Mandarin,甜點,tiándiăn ,tiándiǎn,tiǎndiǎn,tiándiān,tiāndiǎn,dessert,我想買一些甜點。,wǒ xiǎng mǎi yìxiē tiándiǎn.,I want to buy some dessert.,B1,food,noun,Core Content,
Taiwan Mandarin,餅乾,bĭnggān ,bǐnggān,bìnggān,bǐnggǎn,bínggān,cookie; cracker,我想買一些餅乾。,wǒ xiǎng mǎi yìxiē bǐnggān.,I want to buy some cookie; cracker.,B1,food,noun,Core Content,
Taiwan Mandarin,鹽,yán ,yán,yǎn,yàn,yān,salt,我想買一些鹽。,wǒ xiǎng mǎi yìxiē yán.,I want to buy some salt.,B1,food,noun,Core Content,
Taiwan Mandarin,味/味兒,wèi/wèir,wèi/wèir,wēi/wèir,wèi/wéir,wěi/wèir,taste; flavor,我想買一些味。,wǒ xiǎng mǎi yìxiē wèi.,I want to buy some taste; flavor.,B1,food,noun,Core Content,
Taiwan Mandarin,聞,wén ,wén,wěn,wèn,wēn,to smell,我聞到咖啡的味道。,wǒ wén dào kāfēi de wèidào.,I smell coffee.,B1,senses,verb,Core Content,
Taiwan Mandarin,臭,chòu ,chòu,chōu,chóu,chǒu,stinky,這個情形很臭。,zhège qíngxíng hěn chòu.,This situation is stinky.,B1,senses,adjective,Core Content,
Taiwan Mandarin,口,kŏu ,kǒu,kòu,kōu,kóu,mouth; measure word for bites,這裡有一口東西。,zhèlǐ yǒu yì kǒu dōngxi.,There is one mouth; measure word for bites of something here.,B1,measure,measure word,Core Content,
Taiwan Mandarin,罐,guàn ,guàn,guān,guán,guǎn,can; jar,這裡有一罐東西。,zhèlǐ yǒu yì guàn dōngxi.,There is one can; jar of something here.,B1,measure,measure word,Core Content,
Taiwan Mandarin,顆,kē ,kē,ké,kě,kè,measure word for small round things,這裡有一顆東西。,zhèlǐ yǒu yì kē dōngxi.,There is one measure word for small round things of something here.,B1,measure,measure word,Core Content,
Taiwan Mandarin,任何,rènhé ,rènhé,rēnhé,rènhè,rěnhé,any,任何人都可以參加。,rènhé rén dōu kěyǐ cānjiā.,Anyone can join.,B1,function,determiner,Core Content,
Taiwan Mandarin,許多,xǔduō ,xǔduō,xùduō,xǔduǒ,xúduō,many; a lot,公園裡有許多小孩。,gōngyuán lǐ yǒu xǔduō xiǎohái.,There are many children in the park.,B1,quantity,determiner,Core Content,
Taiwan Mandarin,新鮮(˙ㄒㄧㄢ),xīnxian ,xīnxian,xínxian,xǐnxian,xìnxian,fresh,市場的水果很新鮮。,shìchǎng de shuǐguǒ hěn xīnxian.,The fruit at the market is fresh.,B1,food,adjective,Core Content,
Taiwan Mandarin,熟,shóu,shóu,shǒu,shòu,shōu,cooked; ripe; familiar,飯還沒熟，請再等一下。,"fàn hái méi shóu, qǐng zài děng yíxià.",The rice is not cooked yet; please wait a little longer.,B1,food,adjective,Core Content,
Taiwan Mandarin,炒,chăo ,chǎo,chào,chāo,cháo,to stir-fry,媽媽會炒青菜。,māma huì chǎo qīngcài.,Mom can stir-fry vegetables.,B1,food,verb,Core Content,
Taiwan Mandarin,炸,zhá ,zhá,zhǎ,zhà,zhā,to deep-fry,我少吃炸的東西。,wǒ shǎo chī zhá de dōngxi.,I do not eat fried things often.,B1,food,verb,Core Content,
Taiwan Mandarin,嚐/嘗,cháng ,cháng,chǎng,chàng,chāng,to taste,你想嚐一口嗎？,nǐ xiǎng cháng yì kǒu ma?,Do you want to taste one bite?,B1,food,verb,Core Content,
Taiwan Mandarin,裝,zhuāng ,zhuāng,zhuáng,zhuǎng,zhuàng,to install; to pack,請把水果裝在袋子裡。,qǐng bǎ shuǐguǒ zhuāng zài dàizi lǐ.,Please put the fruit in the bag.,B1,actions,verb,Core Content,
Taiwan Mandarin,不用,bùyòng ,bùyòng,būyòng,bùyóng,bǔyòng,no need to use; need not,你不用等我，先走吧。,"nǐ bú yòng děng wǒ, xiān zǒu ba.",You do not need to wait for me; go first.,B1,function,phrase,Core Content,
Taiwan Mandarin,不但,bùdàn ,bùdàn,būdàn,bùdán,bǔdàn,not only,他不但會說中文，也會說台語。,"tā bùdàn huì shuō Zhōngwén, yě huì shuō Táiyǔ.","He can speak not only Chinese, but also Taiwanese.",B1,function,conjunction,Core Content,
Taiwan Mandarin,不必,bùbì ,bùbì,būbì,bùbí,bǔbì,do not have to,你不必今天交作業。,nǐ bú bì jīntiān jiāo zuòyè.,You do not have to turn in the homework today.,B1,function,phrase,Core Content,
Taiwan Mandarin,不得了,bùdéliăo ,bùdéliǎo,būdéliǎo,bùdèliǎo,bùdéliáo,extremely; terrible,這家店的生意好得不得了。,zhè jiā diàn de shēngyì hǎo de bùdéliǎo.,This shop’s business is extremely good.,B1,function,phrase,Core Content,
Taiwan Mandarin,不管,bùguăn ,bùguǎn,būguǎn,bùguān,bǔguǎn,regardless of,不管天氣怎麼樣，我都會去。,"bùguǎn tiānqì zěnmeyàng, wǒ dōu huì qù.","No matter what the weather is like, I will go.",B1,function,conjunction,Core Content,
Taiwan Mandarin,只好,zhĭhăo ,zhǐhǎo,zhìhǎo,zhǐhāo,zhíhǎo,have no choice but to,公車走了，我只好坐計程車。,"gōngchē zǒu le, wǒ zhǐhǎo zuò jìchéngchē.","The bus left, so I had no choice but to take a taxi.",B1,function,phrase,Core Content,
Taiwan Mandarin,或,huò ,huò,huō,huó,huǒ,or,你要茶或咖啡？,nǐ yào chá huò kāfēi?,Do you want tea or coffee?,B1,function,conjunction,Core Content,
Taiwan Mandarin,可能,kěnéng ,kěnéng,kènéng,kěnèng,kénéng,possible; maybe,明天可能會下雨。,míngtiān kěnéng huì xià yǔ.,It may rain tomorrow.,B1,function,modal,Core Content,
Taiwan Mandarin,而且,érqiě ,érqiě,ěrqiě,érqiē,ērqiě,and; moreover,這家餐廳便宜，而且很好吃。,"zhè jiā cāntīng piányí, érqiě hěn hǎochī.",This restaurant is cheap and also delicious.,B1,function,conjunction,Core Content,
Taiwan Mandarin,原來,yuánlái ,yuánlái,yuǎnlái,yuánlài,yuānlái,originally; it turns out,原來你也住在台中。,yuánlái nǐ yě zhù zài Táizhōng.,So it turns out you also live in Taichung.,B1,function,adverb,Core Content,
Taiwan Mandarin,也許,yěxŭ,yěxǔ,yèxǔ,yěxū,yéxǔ,perhaps; maybe,也許他今天不會來。,yěxǔ tā jīntiān bú huì lái.,Maybe he will not come today.,B1,function,adverb,Core Content,
Taiwan Mandarin,必須,bìxū ,bìxū,bīxū,bìxǔ,bǐxū,must,你必須先買票才能進去。,nǐ bìxū xiān mǎi piào cái néng jìnqù.,You must buy a ticket first before you can enter.,B1,function,modal,Core Content,
Taiwan Mandarin,多麼,duōme ,duōme,duóme,duǒme,duòme,how; so very,你看，這裡多麼漂亮！,"nǐ kàn, zhèlǐ duōme piàoliang!",Look how beautiful it is here!,B1,function,adverb,Core Content,
Taiwan Mandarin,這樣,zhèyàng,zhèyàng,zhēyàng,zhèyáng,zhěyàng,like this,請不要這樣說。,qǐng bú yào zhèyàng shuō.,Please do not say it like this.,B1,function,pronoun,Core Content,
Taiwan Mandarin,那樣,nàyàng,nàyàng,nāyàng,nàyáng,nǎyàng,like that,如果那樣做，會比較快。,"rúguǒ nàyàng zuò, huì bǐjiào kuài.","If we do it that way, it will be faster.",B1,function,pronoun,Core Content,
Taiwan Mandarin,等/等等,děng/děngděng,děng/děngděng,dèng/děngděng,děng/dēngděng,děng/děngdéng,and so on; to wait,我買了水果、餅乾等等。,"wǒ mǎi le shuǐguǒ, bǐnggān děngděng.","I bought fruit, cookies, and so on.",B1,function,verb,Core Content,
Taiwan Mandarin,別的,biéde,biéde,biěde,biède,biēde,other; another,你想看別的顏色嗎？,nǐ xiǎng kàn biéde yánsè ma?,Do you want to see another color?,B1,function,determiner,Core Content,
Taiwan Mandarin,除了,chúle ,chúle,chǔle,chùle,chūle,besides; except for,除了中文，我也學英文。,"chúle Zhōngwén, wǒ yě xué Yīngwén.","Besides Chinese, I also study English.",B1,function,preposition,Core Content,
Taiwan Mandarin,從來,cónglái ,cónglái,cǒnglái,cónglài,cōnglái,always; ever; never before,我從來沒有去過歐洲。,wǒ cónglái méi yǒu qù guò Ōuzhōu.,I have never been to Europe.,B1,time,adverb,Core Content,
Taiwan Mandarin,大概,dàgài ,dàgài,dāgài,dàgái,dǎgài,probably; roughly,我大概三點到。,wǒ dàgài sān diǎn dào.,I will arrive at about three o’clock.,B1,function,adverb,Core Content,
Taiwan Mandarin,還好,háihăo  ,háihǎo,hǎihǎo,háihāo,hāihǎo,not bad; fortunately,今天的考試還好，不太難。,"jīntiān de kǎoshì háihǎo, bú tài nán.","Today’s test was okay, not too hard.",B1,function,phrase,Core Content,
Taiwan Mandarin,極,jí ,jí,jǐ,jì,jī,extremely,這個問題極重要。,zhège wèntí jí zhòngyào.,This problem is extremely important.,B1,function,adverb,Core Content,
Taiwan Mandarin,接著,jiēzhe ,jiēzhe,jiézhe,jiězhe,jièzhe,then; next,先洗手，接著準備晚餐。,"xiān xǐ shǒu, jiēzhe zhǔnbèi wǎncān.","Wash your hands first, then prepare dinner.",B1,time,adverb,Core Content,
Taiwan Mandarin,結果,jiéguŏ ,jiéguǒ,jiěguǒ,jiéguō,jiēguǒ,result; as a result,我很努力，結果考得不錯。,"wǒ hěn nǔlì, jiéguǒ kǎo de búcuò.","I worked hard, and as a result I did well on the test.",B1,function,noun,Core Content,
Taiwan Mandarin,立刻,lìkè ,lìkè,līkè,lìké,lǐkè,immediately,聽到聲音以後，他立刻跑出去。,"tīngdào shēngyīn yǐhòu, tā lìkè pǎo chūqù.","After hearing the sound, he ran out immediately.",B1,time,adverb,Core Content,
Taiwan Mandarin,沒想到,méixiăngdào ,méixiǎngdào,měixiǎngdào,méixiāngdào,méixiǎngdǎo,unexpectedly,沒想到你也喜歡烏龍茶。,méixiǎngdào nǐ yě xǐhuān wūlóngchá.,I did not expect that you also like oolong tea.,B1,function,phrase,Core Content,
Taiwan Mandarin,其實,qíshí ,qíshí,qǐshí,qíshì,qīshí,actually; in fact,其實我不太會游泳。,qíshí wǒ bú tài huì yóuyǒng.,"Actually, I am not very good at swimming.",B1,function,adverb,Core Content,
Taiwan Mandarin,其中,qízhōng ,qízhōng,qǐzhōng,qízhǒng,qīzhōng,among them,我買了三本書，其中一本是中文書。,"wǒ mǎi le sān běn shū, qízhōng yì běn shì Zhōngwén shū.",I bought three books; one of them is a Chinese book.,B1,function,phrase,Core Content,
Taiwan Mandarin,完全,wánquán ,wánquán,wǎnquán,wánquàn,wānquán,completely,我完全同意你的看法。,wǒ wánquán tóngyì nǐ de kànfǎ.,I completely agree with your opinion.,B1,function,adverb,Core Content,
Taiwan Mandarin,相當,xiāngdāng ,xiāngdāng,xiángdāng,xiāngdǎng,xiàngdāng,quite; fairly,這個房間相當乾淨。,zhège fángjiān xiāngdāng gānjìng.,This room is quite clean.,B1,function,adverb,Core Content,
Taiwan Mandarin,一切,yīqiè,yīqiè,yíqiè,yīqié,yìqiè,everything; all,一切都準備好了。,yíqiè dōu zhǔnbèi hǎo le.,Everything is ready.,B1,function,pronoun,Core Content,
Taiwan Mandarin,已,yĭ ,yǐ,yì,yī,yí,already,他已回到家了。,tā yǐ huí dào jiā le.,He has already returned home.,B1,time,adverb,Core Content,
Taiwan Mandarin,尤其,yóuqí ,yóuqí,yǒuqí,yóuqì,yōuqí,especially,我喜歡水果，尤其是芒果。,"wǒ xǐhuān shuǐguǒ, yóuqí shì mángguǒ.","I like fruit, especially mangoes.",B1,function,adverb,Core Content,
Taiwan Mandarin,越,yuè ,yuè,yuē,yué,yuě,the more; increasingly,天氣越來越熱。,tiānqì yuè lái yuè rè.,The weather is getting hotter and hotter.,B1,function,adverb,Core Content,
Taiwan Mandarin,整,zhěng ,zhěng,zhèng,zhēng,zhéng,whole; entire,我整天都在家念書。,wǒ zhěng tiān dōu zài jiā niànshū.,I studied at home all day.,B1,quantity,adjective,Core Content,
Taiwan Mandarin,正,zhèng ,zhèng,zhēng,zhéng,zhěng,just; exactly; positive,我正要出門，你就來了。,"wǒ zhèng yào chūmén, nǐ jiù lái le.",I was just about to go out when you arrived.,B1,function,adverb,Core Content,
Taiwan Mandarin,只要,zhĭyào ,zhǐyào,zhìyào,zhǐyáo,zhíyào,as long as,只要有時間，我就去運動。,"zhǐyào yǒu shíjiān, wǒ jiù qù yùndòng.","As long as I have time, I exercise.",B1,function,conjunction,Core Content,
Taiwan Mandarin,最好,zuìhăo ,zuìhǎo,zuīhǎo,zuìhāo,zuǐhǎo,had better; best,你最好早點睡。,nǐ zuìhǎo zǎodiǎn shuì.,You had better sleep earlier.,B1,function,adverb,Core Content,
Taiwan Mandarin,同樣,tóngyàng ,tóngyàng,tǒngyàng,tóngyáng,tōngyàng,same; similarly,我們有同樣的興趣。,wǒmen yǒu tóngyàng de xìngqù.,We have the same hobby.,B1,function,adjective,Core Content,
Taiwan Mandarin,空,kōng ,kōng,kóng,kǒng,kòng,empty; free time,你明天下午有空嗎？,nǐ míngtiān xiàwǔ yǒu kòng ma?,Are you free tomorrow afternoon?,B1,description,adjective,Core Content,
Taiwan Mandarin,連,lián ,lián,liǎn,liàn,liān,even; connect,他連早飯都沒吃就出門了。,tā lián zǎofàn dōu méi chī jiù chūmén le.,He even left without eating breakfast.,B1,function,preposition,Core Content,
Taiwan Mandarin,倍,bèi ,bèi,bēi,béi,běi,times; fold,這件衣服比那件貴兩倍。,zhè jiàn yīfu bǐ nà jiàn guì liǎng bèi.,This piece of clothing is twice as expensive as that one.,B1,quantity,measure word,Core Content,
Taiwan Mandarin,包括,bāokuò ,bāokuò,báokuò,bāokuó,bàokuò,to include,費用包括門票和午餐。,fèiyòng bāokuò ménpiào hé wǔcān.,The fee includes the ticket and lunch.,B1,function,verb,Core Content,
Taiwan Mandarin,步,bù ,bù,bū,bú,bǔ,step,請跟著我，一步一步做。,"qǐng gēnzhe wǒ, yí bù yí bù zuò.",Please follow me and do it step by step.,B1,measure,noun,Core Content,
Taiwan Mandarin,當時,dāngshí ,dāngshí,dángshí,dāngshì,dàngshí,at that time,當時我還不懂中文。,dāngshí wǒ hái bù dǒng Zhōngwén.,"At that time, I still did not understand Chinese.",B1,time,phrase,Core Content,
Taiwan Mandarin,等到,děngdào ,děngdào,dèngdào,děngdáo,déngdào,wait until,等到雨停了，我們再出門。,"děngdào yǔ tíng le, wǒmen zài chūmén.",We will go out after the rain stops.,B1,time,conjunction,Core Content,
Taiwan Mandarin,煩,fán ,fán,fǎn,fàn,fān,annoying; bothered,功課太多了，我覺得很煩。,"gōngkè tài duō le, wǒ juéde hěn fán.","There is too much homework, so I feel annoyed.",B1,feelings,adjective,Core Content,
Taiwan Mandarin,剛好,gānghăo ,gānghǎo,gánghǎo,gānghāo,gànghǎo,just right; exactly,我剛好有兩張票。,wǒ gānghǎo yǒu liǎng zhāng piào.,I happen to have two tickets.,B1,time,adverb,Core Content,
Taiwan Mandarin,或者,huòzhě ,huòzhě,huōzhě,huòzhē,huǒzhě,or,我們可以坐捷運，或者坐公車。,"wǒmen kěyǐ zuò jiéyùn, huòzhě zuò gōngchē.",We can take the MRT or take the bus.,B1,function,conjunction,Core Content,
Taiwan Mandarin,哇,wā ,wā,wá,wǎ,wà,wow,哇，這個夜景真漂亮！,"wā, zhège yèjǐng zhēn piàoliang!","Wow, this night view is really beautiful!",B1,function,interjection,Core Content,
Taiwan Mandarin,需,xū ,xū,xú,xǔ,xù,to need,這個表格需填寫住址。,zhège biǎogé xū tiánxiě zhùzhǐ.,This form requires an address.,B1,function,verb,Core Content,
Taiwan Mandarin,須,xū ,xū,xú,xǔ,xù,must; need,進入教室前，學生須洗手。,"jìnrù jiàoshì qián, xuéshēng xū xǐ shǒu.","Before entering the classroom, students must wash their hands.",B1,function,verb,Core Content,
Taiwan Mandarin,直接,zhíjiē ,zhíjiē,zhǐjiē,zhíjiě,zhījiē,direct; directly,你可以直接問老師。,nǐ kěyǐ zhíjiē wèn lǎoshī.,You can ask the teacher directly.,B1,function,adverb,Core Content,
Taiwan Mandarin,總,zŏng ,zǒng,zòng,zōng,zóng,always; total,他總是準時到學校。,tā zǒng shì zhǔnshí dào xuéxiào.,He always arrives at school on time.,B1,function,adverb,Core Content,
Taiwan Mandarin,泡,pào ,pào,pāo,páo,pǎo,to soak; to make tea,我想泡一杯烏龍茶。,wǒ xiǎng pào yì bēi wūlóngchá.,I want to make a cup of oolong tea.,B1,actions,verb,Core Content,
Taiwan Mandarin,且,qiě ,qiě,qiè,qiē,qié,and; moreover,這裡安靜且乾淨。,zhèlǐ ānjìng qiě gānjìng.,This place is quiet and clean.,B1,function,conjunction,Core Content,
Taiwan Mandarin,比方,bĭfāng ,bǐfāng,bìfāng,bǐfǎng,bífāng,for example,比方，坐捷運比開車方便。,"bǐfāng, zuò jiéyùn bǐ kāichē fāngbiàn.","For example, taking the MRT is more convenient than driving.",B1,function,phrase,Core Content,
Taiwan Mandarin,比方說,bĭfāngshūo,bǐfāngshūo,bìfāngshūo,bǐfǎngshūo,bǐfāngshùo,for example; for instance,比方說，你可以先查資料。,"bǐfāngshuō, nǐ kěyǐ xiān chá zīliào.","For example, you can look up information first.",B1,function,phrase,Core Content,
Taiwan Mandarin,傳,chuán ,chuán,chuǎn,chuàn,chuān,to pass on; transmit,請把這個消息傳給大家。,qǐng bǎ zhège xiāoxí chuán gěi dàjiā.,Please pass this news to everyone.,B1,communication,verb,Core Content,
Taiwan Mandarin,另,lìng ,lìng,līng,líng,lǐng,another,另一次會議在星期五。,lìng yí cì huìyì zài xīngqíwǔ.,Another meeting is on Friday.,B1,function,determiner,Core Content,
Taiwan Mandarin,另外,lìngwài ,lìngwài,līngwài,lìngwái,lǐngwài,in addition; besides,另外，我還想買一杯奶茶。,"lìngwài, wǒ hái xiǎng mǎi yì bēi nǎichá.","In addition, I also want to buy a cup of milk tea.",B1,function,adverb,Core Content,
Taiwan Mandarin,左右,zuŏyòu ,zuǒyòu,zuòyòu,zuǒyóu,zuóyòu,about; around,我大概七點左右到家。,wǒ dàgài qī diǎn zuǒyòu dào jiā.,I will get home at around seven o’clock.,B1,quantity,phrase,Core Content,
Taiwan Mandarin,當,dāng ,dāng,dáng,dǎng,dàng,to act as; when,我長大以後想當老師。,wǒ zhǎngdà yǐhòu xiǎng dāng lǎoshī.,"After I grow up, I want to be a teacher.",B1,function,verb,Core Content,
Taiwan Mandarin,類,lèi ,lèi,lēi,léi,lěi,type; category,這類問題常在考試裡出現。,zhè lèi wèntí cháng zài kǎoshì lǐ chūxiàn.,This type of question often appears on tests.,B1,ideas,noun,Core Content,
Taiwan Mandarin,樣,yàng ,yàng,yāng,yáng,yǎng,kind; appearance,你喜歡哪一樣甜點？,nǐ xǐhuān nǎ yí yàng tiándiǎn?,Which dessert do you like?,B1,ideas,noun,Core Content,